codigo_parroquia,codigo_provincia,provincia,canton,parroquia,provincia_modelo,riesgo_inundacion,eventos_inundacion,precipitacion_media_anual,precipitacion_maxima_anual,precipitacion_minima_anual,altitud_media,rango_altitudinal,pendiente_media,distancia_minima_rio_km,distancia_centroide_rio_km,porcentaje_area_cerca_rio_1km,num_elementos_hidricos_intersectan,densidad_poblacional_hab_km2,porcentaje_area_urbanizada,porcentaje_bosque,porcentaje_agricultura_pasto,porcentaje_agua,porcentaje_acuicultura,porcentaje_mineria
070150,07,EL ORO,MACHALA,MACHALA,EL ORO,Alto,38,588.5731212121212,3194.75,159.05454545454546,4.538981187238594,38.27400970458984,1.463659229665493,0.0,0.7806522682223678,58.45667649463706,147.0,1228.0,24.13793103448276,3.4482758620689653,10.344827586206897,10.344827586206897,17.24137931034483,0.0
070152,07,EL ORO,MACHALA,EL RETIRO,EL ORO,Medio,6,515.371948051948,1395.6,85.3090909090909,3.23390142028858,25.484416246414185,1.5773154447765736,0.0,0.25381839070482,72.84806964896292,49.0,36.0,0.0,0.0,0.0,10.0,10.0,0.0
070250,07,EL ORO,ARENILLAS,ARENILLAS,EL ORO,Alto,19,762.8978592375366,2714.65,227.04999999999995,79.19772524612837,1277.81103515625,9.991735054040031,0.0,0.1517331463800853,56.32943757534098,37.0,92.0,0.0,12.0,48.0,0.0,0.0,0.0
070251,07,EL ORO,ARENILLAS,CHACRAS,EL ORO,Bajo,2,441.8155080213904,1629.9000000000003,18.1,28.329885488378437,67.78095078468323,1.5115153755354362,0.0,1.568157369049333,40.54560527635259,40.0,20.0,0.0,0.0,30.0,0.0,0.0,0.0
070254,07,EL ORO,ARENILLAS,PALMALES,EL ORO,Bajo,4,813.4825000000001,3370.8000000000006,236.0,147.73804361001496,605.4306602478027,9.113401934600624,0.0,0.6356136508265507,56.93313308043564,15.0,16.0,0.0,5.555555555555555,38.88888888888889,0.0,0.0,0.0
070255,07,EL ORO,ARENILLAS,CARCABÓN,EL ORO,Bajo,1,468.3975284090909,1245.1,58.9,72.10524311516235,180.29439163208008,5.700008992479567,0.0,2.3282673284571844,38.95116567424737,10.0,11.0,0.0,0.0,20.0,0.0,0.0,0.0
070256,07,EL ORO,ARENILLAS,LA CUCA,EL ORO,Bajo,0,375.5213223140496,944.88,167.4,9.80455924850624,42.87275743484497,1.3127059660047689,0.0,4.655150832939282,33.54148656555487,35.0,16.0,0.0,9.090909090909092,36.36363636363637,0.0,36.36363636363637,0.0
070350,07,EL ORO,ATAHUALPA,PACCHA,EL ORO,Bajo,0,1921.7979679144385,3170.5,1216.56,1922.6574958212452,2400.35888671875,24.522357450242065,0.0,0.262960075866183,42.766191401668,6.0,51.0,0.0,40.0,40.0,0.0,0.0,0.0
070351,07,EL ORO,ATAHUALPA,AYAPAMBA,EL ORO,Bajo,0,1746.7574545454545,6102.3,902.6,1489.8787145557656,2224.3536376953125,23.100601338829847,0.0,1.0792006512848005,26.49097519779209,10.0,14.0,0.0,62.5,37.5,0.0,0.0,0.0
070352,07,EL ORO,ATAHUALPA,CORDONCILLO,EL ORO,Bajo,0,1657.975,2998.3,759.9,2041.4572652225188,2577.194580078125,27.34139914309665,0.0,1.4878423669439622,66.04776738712633,5.0,32.0,0.0,0.0,100.0,0.0,0.0,0.0
070353,07,EL ORO,ATAHUALPA,MILAGRO,EL ORO,Bajo,0,1746.7574545454545,6102.3,902.6,1193.0204149933063,477.56201171875,20.98388639214047,0.0,0.8919105290196341,96.47731430100332,1.0,154.0,,,,,,
070354,07,EL ORO,ATAHUALPA,SAN JOSÉ,EL ORO,Bajo,0,1746.7574545454545,6102.3,902.6,1008.3266770065916,451.3042602539063,22.293622572815533,0.0,0.6539666130086615,99.91641999131213,3.0,192.0,,,,,,
070355,07,EL ORO,ATAHUALPA,SAN JUAN DE CERRO AZUL,EL ORO,Bajo,0,954.939393939394,3766.9,255.4,890.5877000344675,1724.3580627441406,22.165247933477172,0.0,0.7954662752965725,76.74234285694608,24.0,3.0,0.0,50.0,50.0,0.0,0.0,0.0
070450,07,EL ORO,BALSAS,BALSAS,EL ORO,Bajo,3,1113.9105454545454,2286.9,518.0,792.1045290254705,1065.0579833984375,22.258566006012128,0.0,0.8369461170659918,43.50230504135598,17.0,112.0,0.0,40.0,20.0,0.0,0.0,0.0
070451,07,Sin dato,Sin dato,Sin dato,EL ORO,Bajo,0,1113.9105454545454,2286.9,518.0,704.8388167601062,566.6337890625,16.669132577715423,0.0,0.5849325447398687,90.92841022421044,4.0,124.0,,,,,,
070550,07,EL ORO,CHILLA,CHILLA,EL ORO,Bajo,1,1278.75,1491.0,1066.5,1834.8567900669973,3662.2889251708975,26.045435054799924,0.0,0.9253970807432588,47.18354931899055,24.0,7.0,0.0,51.72413793103448,37.93103448275862,0.0,0.0,0.0
070650,07,EL ORO,EL GUABO,EL GUABO,EL ORO,Alto,12,1023.4,1209.0,829.7999999999998,371.0926224078052,2236.427734375,11.253232036102446,0.0,0.4538979701428745,79.2350741571518,50.0,150.0,0.0,31.25,37.5,0.0,0.0,0.0
070651,07,EL ORO,EL GUABO,BARBONES,EL ORO,Bajo,0,1430.01431085044,3738.327272727273,429.6,5.510982622536496,27.78201675415039,1.3150816193020975,0.0,1.201637814163443,78.56138033170402,44.0,107.0,0.0,0.0,14.285714285714285,0.0,14.285714285714285,0.0
070652,07,EL ORO,EL GUABO,LA IBERIA,EL ORO,Bajo,1,636.7787878787879,1843.0,161.8,13.788512538258209,21.4666805267334,1.1869682676932702,0.0,0.9660260191899026,68.2894320011011,3.0,320.0,0.0,0.0,0.0,0.0,0.0,0.0
070653,07,EL ORO,EL GUABO,TENDALES,EL ORO,Medio,6,1430.01431085044,3738.327272727273,429.6,3.636218842279933,25.30485343933105,1.0823977538287264,0.0,0.0,93.20279935160195,548.0,51.0,0.0,14.285714285714285,14.285714285714285,7.142857142857142,42.85714285714285,0.0
070654,07,EL ORO,EL GUABO,RÍO BONITO,EL ORO,Bajo,4,1397.8572994652404,3804.9136363636367,430.1454545454546,659.2960128876359,3219.864873051644,14.062646048529295,0.0,0.7478987911429607,83.22615005943156,19.0,44.0,0.0,33.33333333333333,58.333333333333336,0.0,0.0,0.0
070750,07,EL ORO,HUAQUILLAS,HUAQUILLAS,EL ORO,Alto,25,1073.4430303030304,4428.2,289.7,6.587691351075703,27.023039400577545,1.1573548815045032,0.0,0.0,89.05032980191304,660.0,571.0,48.0,0.0,16.0,0.0,4.0,0.0
070850,07,EL ORO,MARCABELÍ,MARCABELÍ,EL ORO,Bajo,2,1412.6923076923076,2335.9,407.3,320.61558159563896,1235.3665771484375,19.5572349939448,0.0,0.50625552613884,48.730735808115135,11.0,51.0,0.0,10.0,50.0,0.0,0.0,0.0
070851,07,EL ORO,MARCABELÍ,EL INGENIO,EL ORO,Bajo,0,1412.6923076923076,2335.9,407.3,800.8406940063091,733.886962890625,19.67430824500612,0.0,0.3571704542729149,55.25411216184233,1.0,14.0,0.0,0.0,100.0,0.0,0.0,0.0
070950,07,EL ORO,PASAJE,PASAJE,EL ORO,Alto,22,947.263675889328,4379.345454545455,373.0,279.0023843586075,1696.2293701171875,14.054061817971585,0.0,0.7382537863481511,57.77138674220177,26.0,465.0,8.333333333333332,58.333333333333336,16.666666666666664,0.0,0.0,0.0
070951,07,EL ORO,PASAJE,BUENAVISTA,EL ORO,Medio,10,1163.5,1281.1,1045.9,38.82529390829143,272.7283763885498,3.2783234525723475,0.0,0.4424492379888274,79.39767004939921,10.0,188.0,0.0,50.0,0.0,0.0,0.0,0.0
070952,07,EL ORO,PASAJE,CASACAY,EL ORO,Bajo,2,1278.75,1491.0,1066.5,337.58596099587635,1105.589111328125,18.44520932791865,0.0,0.4734676743159887,76.87313905938761,16.0,47.0,0.0,80.0,20.0,0.0,0.0,0.0
070953,07,EL ORO,PASAJE,LA PEAÑA,EL ORO,Bajo,1,636.7787878787879,1843.0,161.8,22.29170203735144,18.255504608154297,0.7964068422718359,0.0,0.4673493768417827,71.21216801901392,13.0,248.0,0.0,0.0,0.0,0.0,0.0,0.0
070954,07,EL ORO,PASAJE,PROGRESO,EL ORO,Bajo,4,947.263675889328,4379.345454545455,373.0,779.6560938504529,3248.5951251983643,17.986516081387354,0.0,0.5605618749316941,68.92735165342417,18.0,33.0,0.0,75.0,25.0,0.0,0.0,0.0
070955,07,EL ORO,PASAJE,UZHCURRUMI,EL ORO,Bajo,4,731.7926829268292,1923.6,400.3,771.3859742872411,1747.4483642578125,25.71071602360845,0.0,2.102988178107158,46.59643441792789,7.0,30.0,0.0,50.0,50.0,0.0,0.0,0.0
070956,07,EL ORO,PASAJE,CAÑAQUEMADA,EL ORO,Bajo,0,947.263675889328,4379.345454545455,373.0,32.03191773037244,139.28123474121094,2.319324605934573,0.0,0.7481154209404066,73.23264053160437,6.0,80.0,0.0,0.0,50.0,0.0,0.0,0.0
071050,07,EL ORO,PIÑAS,PIÑAS,EL ORO,Medio,7,1328.695944055944,1882.8,646.7,1237.6986527052825,1947.40673828125,21.09197410541663,0.0,0.490567821593902,48.12748260635914,27.0,171.0,0.0,40.0,30.0,0.0,0.0,0.0
071051,07,EL ORO,PIÑAS,CAPIRO,EL ORO,Bajo,0,1052.9084415584416,1637.3,614.8,849.5163978827967,1059.0174560546875,25.19484626637583,0.0,0.1326432805193933,39.69865517825247,9.0,13.0,0.0,0.0,50.0,0.0,0.0,0.0
071052,07,EL ORO,PIÑAS,LA BOCANA,EL ORO,Bajo,1,1211.924935064935,2634.1,191.4,426.06939153065866,1075.5655212402344,18.29126738915638,0.0,0.3615632736512127,58.61465590440231,7.0,22.0,0.0,25.0,75.0,0.0,0.0,0.0
071053,07,EL ORO,PIÑAS,MOROMORO,EL ORO,Bajo,2,1191.9076363636364,2054.3,700.2999999999998,1046.055224250062,2004.0939636230469,22.18576439678646,0.0,1.3193521308494935,41.4443140603828,6.0,15.0,0.0,28.57142857142857,71.42857142857143,0.0,0.0,0.0
071054,07,EL ORO,PIÑAS,PIEDRAS,EL ORO,Bajo,1,1211.924935064935,2634.1,191.4,233.08482342160292,417.76639556884766,14.70037118827233,0.0,0.2973688584703008,65.01675830335101,6.0,13.0,0.0,60.0,20.0,0.0,0.0,0.0
071055,07,EL ORO,PIÑAS,SAN ROQUE,EL ORO,Bajo,0,1882.8,1882.8,1882.8,956.468531607765,1058.22998046875,25.11429218426501,0.0,1.1968680105326388,50.74062425963683,8.0,25.0,0.0,25.0,75.0,0.0,0.0,0.0
071056,07,EL ORO,PIÑAS,SARACAY,EL ORO,Bajo,4,1211.924935064935,2634.1,191.4,478.995722245134,1368.574951171875,18.680919029585034,0.0,1.1263113203203636,52.52910629746891,8.0,24.0,0.0,63.63636363636363,36.36363636363637,0.0,0.0,0.0
071150,07,EL ORO,PORTOVELO,PORTOVELO,EL ORO,Medio,9,1152.0105415860735,3251.306060606061,321.1636363636364,763.9914439057274,728.05029296875,17.630137230729304,0.0,1.5522261989157435,69.7515509587989,13.0,312.0,0.0,33.33333333333333,66.66666666666666,0.0,0.0,0.0
071151,07,EL ORO,PORTOVELO,CURTINCAPA,EL ORO,Bajo,0,2308.235984848485,4450.7,1523.0999999999997,1131.8854303189166,1751.7001342773438,17.49903341712662,0.0,1.5916024484260842,74.48986938588686,4.0,31.0,,,,,,
071152,07,EL ORO,PORTOVELO,MORALES,EL ORO,Bajo,0,1748.7,1748.7,1748.7,2285.892672481964,2926.114318847656,25.35979242481409,0.0,1.6372689839995769,36.32222505093872,7.0,9.0,0.0,28.57142857142857,42.85714285714285,0.0,0.0,0.0
071153,07,EL ORO,PORTOVELO,SALATÍ,EL ORO,Bajo,2,2308.235984848485,4450.7,1523.0999999999997,1683.761269414743,3006.5007934570312,25.63385458142544,0.0,1.153860905718346,61.34280262250662,22.0,6.0,0.0,28.57142857142857,35.714285714285715,0.0,0.0,0.0
071250,07,EL ORO,SANTA ROSA,SANTA ROSA,EL ORO,Alto,39,515.371948051948,1395.6,85.3090909090909,18.346929623593216,1011.4038636684418,3.834444478434029,0.0,0.3493889219948658,62.19483525990886,82.0,434.0,0.0,28.57142857142857,28.57142857142857,0.0,0.0,0.0
071251,07,EL ORO,SANTA ROSA,BELLAVISTA,EL ORO,Bajo,0,515.371948051948,1395.6,85.3090909090909,22.504346879140424,412.7765808105469,4.326148215442223,0.0,0.9769601357558282,42.60646549413663,7.0,97.0,0.0,0.0,75.0,0.0,0.0,0.0
071252,07,EL ORO,SANTA ROSA,JAMBELÍ,EL ORO,Bajo,2,1073.4430303030304,4428.2,289.7,2.0982679967916584,30.269641876220703,1.7187026055679198,0.0,0.0,93.74090592588524,679.0,4.0,0.0,9.523809523809524,0.0,34.92063492063492,15.873015873015872,0.0
071253,07,EL ORO,SANTA ROSA,LA AVANZADA,EL ORO,Bajo,4,729.1571428571427,1301.8,316.70000000000005,191.34767231216037,483.7656936645508,14.6568560851125,0.0,0.3821650032220273,36.42268390864295,2.0,37.0,0.0,40.0,60.0,0.0,0.0,0.0
071254,07,EL ORO,SANTA ROSA,SAN ANTONIO,EL ORO,Bajo,0,691.866038961039,2646.8,208.1,41.975677818380376,241.5568389892578,8.627102189334638,0.0,2.0591208604119227,24.14668836163018,5.0,64.0,0.0,0.0,100.0,0.0,0.0,0.0
071255,07,EL ORO,SANTA ROSA,TORATA,EL ORO,Bajo,1,1211.924935064935,2634.1,191.4,588.0537651267871,1402.7198181152344,20.38231392462842,0.0,0.8733301616644511,54.6833720526962,3.0,33.0,0.0,83.33333333333334,16.666666666666664,0.0,0.0,0.0
071256,07,EL ORO,SANTA ROSA,VICTORIA,EL ORO,Medio,6,1163.5,1281.1,1045.9,205.2768272675528,1375.3754115104675,9.540447147665054,0.0,0.3967400746513392,74.97914615769366,18.0,33.0,0.0,30.0,30.0,0.0,0.0,0.0
071257,07,EL ORO,SANTA ROSA,BELLAMARÍA,EL ORO,Bajo,3,954.939393939394,3766.9,255.4,340.0788269257851,1370.9027824401855,16.424126286685393,0.0,0.0856042067633008,56.957429580898456,19.0,25.0,0.0,75.0,25.0,0.0,0.0,0.0
071350,07,EL ORO,ZARUMA,ZARUMA,EL ORO,Medio,7,1458.7424524312896,2144.7000000000003,739.9,1061.223256845139,985.2814331054688,20.58357807824449,0.0,2.3749816723656694,31.48144938910783,2.0,678.0,100.0,0.0,0.0,0.0,0.0,0.0
071351,07,EL ORO,ZARUMA,ABAÑÍN,EL ORO,Bajo,0,970.5188429752066,2950.5,255.80000000000004,1221.5520798169612,1693.6002502441406,23.602337792224027,0.0,3.527863130052272,26.7000811348828,8.0,18.0,0.0,16.666666666666664,50.0,0.0,0.0,0.0
071352,07,EL ORO,ZARUMA,ARCAPAMBA,EL ORO,Bajo,0,2370.2886631016045,5469.2,1276.6,1671.4183693711566,1482.7720947265625,22.76775601112804,0.0070787090702544,3.108644145535854,5.818480676218392,0.0,68.0,0.0,100.0,0.0,0.0,0.0,0.0
071353,07,EL ORO,ZARUMA,GUANAZÁN,EL ORO,Bajo,0,676.9806611570248,980.2999999999998,271.1,2512.900603026152,3250.3836059570312,21.74182154085162,0.0,4.199490486124368,16.3603687003667,5.0,12.0,0.0,14.285714285714285,50.0,0.0,0.0,0.0
071354,07,EL ORO,ZARUMA,GUIZHAGUIÑA,EL ORO,Bajo,0,1748.7,1748.7,1748.7,2290.570127647738,3148.4306640625,24.88200037488512,0.0,2.506205735116229,37.83509352701513,30.0,12.0,0.0,21.428571428571427,57.14285714285714,0.0,0.0,0.0
071355,07,EL ORO,ZARUMA,HUERTAS,EL ORO,Bajo,0,2258.0135406698564,5469.2,1061.5,1976.3580012397272,2631.083374023437,25.203381444535516,0.0,0.4371887367071629,50.85617544622541,5.0,49.0,0.0,60.0,20.0,0.0,0.0,0.0
071356,07,EL ORO,ZARUMA,MALVAS,EL ORO,Bajo,0,1458.7424524312896,2144.7000000000003,739.9,1070.999353527891,934.7620849609376,22.571278592883548,0.0,0.5560586806906845,85.3975321302509,6.0,94.0,,,,,,
071357,07,EL ORO,ZARUMA,MULUNCAY GRANDE,EL ORO,Bajo,0,2370.2886631016045,5469.2,1276.6,1205.4587767662522,1398.593994140625,20.438621085226544,0.0,1.1514251725129492,49.24443595598059,2.0,111.0,,,,,,
071358,07,EL ORO,ZARUMA,SINSAO,EL ORO,Bajo,1,1790.8,3165.1,833.1,1760.1531950555209,2735.7574462890625,27.15423482103588,0.0,1.1245657023053226,24.61496684909558,3.0,35.0,0.0,66.66666666666666,0.0,0.0,0.0,0.0
071359,07,EL ORO,ZARUMA,SALVIAS,EL ORO,Bajo,2,1822.5125,2593.9,833.1,2247.704061650575,2910.585998535156,27.58438928581872,0.0,1.074573250136258,59.35647278217348,14.0,8.0,0.0,40.0,10.0,0.0,0.0,0.0
071450,07,EL ORO,LAS LAJAS,LA VICTORIA,EL ORO,Medio,8,1097.475,2987.4,266.9,429.3650754736805,770.6053466796875,13.851479584235296,0.0,1.5719627582610471,62.07913097756107,19.0,30.0,0.0,9.090909090909092,9.090909090909092,0.0,0.0,0.0
071451,07,EL ORO,LAS LAJAS,LA LIBERTAD,EL ORO,Bajo,0,1149.6522488038277,2619.6,174.4,548.8840143956995,685.9364013671875,17.104498747580553,0.0,3.2342210082213136,46.05644576622874,10.0,10.0,0.0,0.0,15.384615384615383,0.0,0.0,0.0
071452,07,EL ORO,LAS LAJAS,EL PARAÍSO,EL ORO,Bajo,1,1299.0688311688311,3060.7636363636366,225.0,272.4589481055758,919.5653686523438,16.83618534220301,0.0,1.9325272048599136,62.97848611371026,16.0,11.0,0.0,28.57142857142857,28.57142857142857,0.0,0.0,0.0
071453,07,Sin dato,Sin dato,Sin dato,EL ORO,Bajo,0,1299.0688311688311,3060.7636363636366,225.0,322.49982786885244,1269.6851806640625,18.848855547526497,0.0,0.37183970277235,47.47711137433483,4.0,24.0,0.0,66.66666666666666,33.33333333333333,0.0,0.0,0.0
080150,08,ESMERALDAS,ESMERALDAS,ESMERALDAS,ESMERALDAS,Alto,58,889.450909090909,1150.0,576.6545454545455,77.52464566823552,268.4905992746353,11.01125546715681,0.0,1.082003551819318,76.05912166869805,171.0,2422.0,6.896551724137931,55.172413793103445,17.24137931034483,3.4482758620689653,0.0,0.0
080152,08,ESMERALDAS,ESMERALDAS,CAMARONES,ESMERALDAS,Bajo,4,881.2325174825176,2072.2909090909093,359.12727272727267,90.14112433292313,640.2946166992188,15.296097607596234,0.0,0.3212602069427793,55.51602041804357,61.0,24.0,0.0,61.53846153846154,34.61538461538461,0.0,0.0,0.0
080153,08,ESMERALDAS,ESMERALDAS,CORONEL CARLOS CONCHA TORRES,ESMERALDAS,Bajo,0,2032.751948051948,2627.5,1373.7,281.15229654034084,548.143798828125,20.50916729576263,0.0,2.1986198771876597,29.8334708834444,9.0,10.0,0.0,87.5,12.5,0.0,0.0,0.0
080154,08,ESMERALDAS,ESMERALDAS,CHINCA,ESMERALDAS,Medio,5,1596.309696969697,1807.309090909091,1365.12,223.68175569063905,631.601318359375,15.242414626200055,0.0,0.1777436806728092,40.151437746993466,23.0,23.0,0.0,33.33333333333333,66.66666666666666,0.0,0.0,0.0
080159,08,ESMERALDAS,ESMERALDAS,MAJUA,ESMERALDAS,Bajo,2,1596.309696969697,1807.309090909091,1365.12,162.33202772832306,533.5650444030762,13.078137193250951,0.0,0.3233751850772052,67.7722433971128,30.0,27.0,0.0,37.5,62.5,0.0,0.0,0.0
080163,08,ESMERALDAS,ESMERALDAS,SAN MATEO,ESMERALDAS,Bajo,4,1047.069154334038,2539.6,402.8,166.1546361827557,638.1972035169601,13.96775479177994,0.0,0.0,51.8723513361436,47.0,44.0,0.0,50.0,50.0,0.0,0.0,0.0
080165,08,ESMERALDAS,ESMERALDAS,TABIAZO,ESMERALDAS,Bajo,0,1046.4085714285716,2539.6,402.8,216.11536246983988,526.5077514648438,18.20279836547757,0.0,0.0058274662117496,46.749526212526696,37.0,20.0,0.0,53.84615384615385,46.15384615384615,0.0,0.0,0.0
080166,08,ESMERALDAS,ESMERALDAS,TACHINA,ESMERALDAS,Medio,6,816.1162121212122,2102.140909090909,281.5,127.07734899983105,565.5875244140625,12.256193356911597,0.0,0.9231839551472496,60.85270618420529,41.0,88.0,0.0,57.14285714285714,42.85714285714285,0.0,0.0,0.0
080168,08,ESMERALDAS,ESMERALDAS,VUELTA LARGA,ESMERALDAS,Bajo,2,889.450909090909,1150.0,576.6545454545455,117.32495452087124,372.2983703613281,12.754339082931866,0.0,0.5997088453672181,54.27961699626367,56.0,115.0,0.0,42.85714285714285,57.14285714285714,0.0,0.0,0.0
080250,08,ESMERALDAS,ELOY ALFARO,VALDEZ,ESMERALDAS,Bajo,3,2023.4866310160428,2930.8,317.0,5.02398128641536,47.23395538330078,4.246429174597383,0.0,0.0,99.29825448960077,54.0,60.0,4.761904761904762,14.285714285714285,19.047619047619047,28.57142857142857,0.0,0.0
080251,08,ESMERALDAS,ELOY ALFARO,ANCHAYACU,ESMERALDAS,Medio,7,2023.4866310160428,2930.8,317.0,28.563982802423293,189.5375823974609,11.265482120904087,0.0,1.2075908800370954,30.97732939766069,14.0,14.0,0.0,50.0,50.0,0.0,0.0,0.0
080252,08,ESMERALDAS,ELOY ALFARO,ATAHUALPA,ESMERALDAS,Bajo,3,3527.7696969696967,5306.4,1511.16,55.02247346283069,345.1625671386719,11.932083052116052,0.0,2.2654693683491693,31.00149976057584,15.0,6.0,0.0,85.71428571428571,14.285714285714285,0.0,0.0,0.0
080253,08,ESMERALDAS,ELOY ALFARO,BORBÓN,ESMERALDAS,Medio,9,2023.4866310160428,2930.8,317.0,8.255649556581021,132.99537658691406,8.142649096450135,0.0,1.3401397171572194,50.376341587763065,17.0,45.0,0.0,47.05882352941176,47.05882352941176,5.88235294117647,0.0,0.0
080254,08,ESMERALDAS,ELOY ALFARO,LA TOLA,ESMERALDAS,Bajo,0,2023.4866310160428,2930.8,317.0,3.7436643363958617,100.58332061767578,2.7356893551128034,0.0,3.772746236903147,31.41361192084129,22.0,17.0,0.0,4.166666666666666,79.16666666666666,8.333333333333332,4.166666666666666,0.0
080255,08,ESMERALDAS,ELOY ALFARO,LUIS VARGAS TORRES,ESMERALDAS,Bajo,2,1785.6142857142856,2635.1,1190.1,1426.7903210180766,3446.67236328125,20.78849114488394,0.0,2.6260840075569045,47.86339745058046,41.0,1.0,0.0,100.0,0.0,0.0,0.0,0.0
080256,08,ESMERALDAS,ELOY ALFARO,MALDONADO,ESMERALDAS,Medio,5,2023.4866310160428,2930.8,317.0,15.857950279128987,72.1180648803711,4.202193974038493,0.0,1.9207165599171696,59.87796912816956,14.0,36.0,0.0,20.0,80.0,0.0,0.0,0.0
080257,08,ESMERALDAS,ELOY ALFARO,PAMPANAL DE BOLÍVAR,ESMERALDAS,Bajo,0,2631.8964102564105,4315.6,643.4,11.711419959113856,49.161468505859375,4.767744568393981,0.0,0.0,99.81609818630406,35.0,12.0,0.0,8.333333333333332,16.666666666666664,25.0,0.0,0.0
080258,08,ESMERALDAS,ELOY ALFARO,SAN FRANCISCO DE ONZOLE,ESMERALDAS,Medio,9,3527.7696969696967,5306.4,1511.16,58.95122181387326,212.7523956298828,10.15654495191678,0.0,2.654246137429229,28.62466281164246,4.0,10.0,0.0,56.25,43.75,0.0,0.0,0.0
080259,08,ESMERALDAS,ELOY ALFARO,SANTO DOMINGO DE ONZOLE,ESMERALDAS,Bajo,4,3527.7696969696967,5306.4,1511.16,163.93767458976632,587.7818603515625,12.312428753389876,0.0,0.4385851051758258,34.12524676729151,27.0,5.0,0.0,85.71428571428571,14.285714285714285,0.0,0.0,0.0
080260,08,ESMERALDAS,ELOY ALFARO,SELVA ALEGRE,ESMERALDAS,Bajo,2,3616.7636363636366,4308.8,2924.7272727272725,92.71932392102846,175.658447265625,7.9792885281841155,0.0,1.1206293556877256,36.7505464708193,6.0,30.0,0.0,75.0,25.0,0.0,0.0,0.0
080261,08,ESMERALDAS,ELOY ALFARO,TELEMBÍ,ESMERALDAS,Bajo,4,3527.7696969696967,5306.4,1511.16,248.6664659474524,1843.9637451171875,14.491809375517464,0.0,0.3369760018075022,50.10070483108278,112.0,4.0,0.0,96.7479674796748,3.252032520325204,0.0,0.0,0.0
080262,08,ESMERALDAS,ELOY ALFARO,COLÓN ELOY DEL MARÍA,ESMERALDAS,Bajo,2,3616.7636363636366,4308.8,2924.7272727272725,24.329940439223563,227.99542236328125,5.624404574263339,0.0,0.5752491659318301,29.36450081275218,3.0,31.0,0.0,33.33333333333333,66.66666666666666,0.0,0.0,0.0
080263,08,ESMERALDAS,ELOY ALFARO,SAN JOSÉ DE CAYAPAS,ESMERALDAS,Bajo,3,3527.7696969696967,5306.4,1511.16,27.572320982860948,198.6927490234375,9.922522401966615,0.0,0.0250357695308135,34.12072696915071,12.0,12.0,0.0,77.77777777777779,11.11111111111111,11.11111111111111,0.0,0.0
080264,08,Sin dato,Sin dato,Sin dato,ESMERALDAS,Bajo,0,3616.7636363636366,4308.8,2924.7272727272725,17.791294836132998,77.63673400878906,5.459872982371725,0.0,0.6967711311971736,62.75630039305051,6.0,53.0,0.0,0.0,100.0,0.0,0.0,0.0
080265,08,ESMERALDAS,ELOY ALFARO,SANTA LUCÍA DE LAS PEÑAS,ESMERALDAS,Bajo,1,2023.4866310160428,2930.8,317.0,28.89246138347885,142.45819352939725,7.063436505640729,0.0,3.038556161182224,30.37660442245428,13.0,24.0,0.0,30.76923076923077,53.84615384615385,0.0,15.384615384615383,0.0
080350,08,ESMERALDAS,MUISNE,MUISNE,ESMERALDAS,Medio,10,2331.8649667405766,8076.0,740.7272727272727,20.379128590961308,278.6801452636719,8.354607557994367,0.0,0.8559538299390709,51.07857903138279,802.0,62.0,0.0,21.428571428571427,64.28571428571429,7.142857142857142,0.0,0.0
080351,08,ESMERALDAS,MUISNE,BOLÍVAR,ESMERALDAS,Bajo,2,2331.8649667405766,8076.0,740.7272727272727,15.63925679647614,168.1593599319458,6.808687336977523,0.0,0.6897801726464775,72.03137003695946,127.0,51.0,0.0,28.57142857142857,14.285714285714285,0.0,42.85714285714285,0.0
080352,08,ESMERALDAS,MUISNE,DAULE,ESMERALDAS,Bajo,1,1417.9430303030304,2113.3,863.1,22.70680458685793,197.9665280431509,6.913311861433142,0.0,1.15026201996299,60.34515351716531,615.0,26.0,0.0,30.76923076923077,38.46153846153847,15.384615384615383,15.384615384615383,0.0
080353,08,ESMERALDAS,MUISNE,GALERA,ESMERALDAS,Bajo,1,2331.8649667405766,8076.0,740.7272727272727,50.65670672840849,297.3785095214844,11.854404011628317,0.0,1.148546068238277,58.405831025379264,20.0,25.0,0.0,92.3076923076923,7.6923076923076925,0.0,0.0,0.0
080354,08,ESMERALDAS,MUISNE,QUINGUE,ESMERALDAS,Bajo,0,2331.8649667405766,8076.0,740.7272727272727,111.35140795316916,307.4227294921875,16.54174867938495,0.0,0.456876377842956,88.2046870131344,12.0,19.0,0.0,68.18181818181817,27.27272727272727,4.545454545454546,0.0,0.0
080355,08,ESMERALDAS,MUISNE,SÁLIMA,ESMERALDAS,Bajo,0,1417.9430303030304,2113.3,863.1,11.402811995958809,176.19390869140625,4.851368547658285,0.0,0.2292682670309505,76.26585321718962,225.0,27.0,0.0,20.0,20.0,0.0,60.0,0.0
080356,08,ESMERALDAS,MUISNE,SAN FRANCISCO,ESMERALDAS,Bajo,1,2331.8649667405766,8076.0,740.7272727272727,47.2790412754527,298.15606053359807,12.731739238307902,0.0,0.3970637560607502,78.71534497756538,202.0,26.0,0.0,53.125,46.875,0.0,0.0,0.0
080357,08,ESMERALDAS,MUISNE,SAN GREGORIO,ESMERALDAS,Medio,8,2331.8649667405766,8076.0,740.7272727272727,53.18252514973901,505.0159301757813,12.480286800317897,0.0,2.038663163224813,50.65364580827326,444.0,17.0,0.0,58.13953488372093,37.2093023255814,2.3255813953488373,2.3255813953488373,0.0
080358,08,ESMERALDAS,MUISNE,SAN JOSÉ DE CHAMANGA,ESMERALDAS,Bajo,1,1417.9430303030304,2113.3,863.1,101.7821551072972,569.6880972860381,10.760175264755064,0.0,0.3968490841375608,45.499551966173726,297.0,37.0,0.0,38.46153846153847,53.84615384615385,7.6923076923076925,0.0,0.0
080450,08,ESMERALDAS,QUININDÉ,ROSA ZÁRATE,ESMERALDAS,Alto,71,2315.239413489736,3643.1,1371.2400000000002,153.13265916244728,602.6600952148438,9.67130135916263,0.0,1.9573408041632123,47.51835751782522,57.0,55.0,1.1235955056179776,5.617977528089887,93.25842696629212,0.0,0.0,0.0
080451,08,ESMERALDAS,QUININDÉ,CUBE,ESMERALDAS,Medio,5,1855.0800000000004,1855.0800000000004,1855.0800000000004,296.4283917382089,650.8779296875,17.232314658020965,0.0,0.5079670767683891,57.03083678439418,108.0,12.0,0.0,51.78571428571429,48.21428571428572,0.0,0.0,0.0
080452,08,ESMERALDAS,QUININDÉ,CHURA,ESMERALDAS,Bajo,3,2370.968181818182,2913.0,1915.2,170.83892888171775,390.2986145019531,12.23367294166322,0.0,1.3822947217885504,52.6486501579601,21.0,18.0,0.0,26.666666666666668,66.66666666666666,6.666666666666667,0.0,0.0
080453,08,ESMERALDAS,QUININDÉ,MALIMPIA,ESMERALDAS,Medio,6,2615.128787878788,3842.9,1915.2,235.06244164641225,814.0170288085938,9.313625322296746,0.0,1.3321396612575775,54.681420726374576,89.0,20.0,0.0,33.33333333333333,66.66666666666666,0.0,0.0,0.0
080454,08,ESMERALDAS,QUININDÉ,VICHE,ESMERALDAS,Medio,8,2032.751948051948,2627.5,1373.7,136.4576419471532,590.1004238128662,10.833733497822646,0.0,1.4197190372606363,84.90180671851479,85.0,62.0,0.0,11.11111111111111,88.88888888888889,0.0,0.0,0.0
080455,08,ESMERALDAS,QUININDÉ,LA UNIÓN,ESMERALDAS,Alto,21,2928.385,3977.236363636364,1360.7136363636364,76.57417235096682,234.64385986328125,6.325881661328792,0.0,0.663977391511786,55.536759917534994,49.0,52.0,1.7857142857142856,1.7857142857142856,94.64285714285714,0.0,0.0,0.0
080550,08,ESMERALDAS,SAN LORENZO,SAN LORENZO,ESMERALDAS,Alto,15,2443.401414141414,3688.5,985.0,29.64488526535377,95.4286237359047,4.912596157526121,0.0,0.8120487540420934,65.13278225190264,60.0,131.0,0.0,4.545454545454546,59.09090909090909,13.636363636363637,0.0,0.0
080551,08,ESMERALDAS,SAN LORENZO,ALTO TAMBO,ESMERALDAS,Bajo,0,1978.250879526977,8692.10606060606,414.0,575.632382986627,3507.468017578125,17.861114146087434,0.0,0.902939910543521,52.04169729378493,62.0,2.0,0.0,94.6808510638298,5.319148936170213,0.0,0.0,0.0
080552,08,ESMERALDAS,SAN LORENZO,ANCÓN,ESMERALDAS,Bajo,0,2443.401414141414,3688.5,985.0,7.669074939155219,42.55812072753906,3.6186559265756673,0.0,0.0,99.99999999999996,23.0,24.0,0.0,14.285714285714285,3.571428571428571,25.0,0.0,0.0
080553,08,ESMERALDAS,SAN LORENZO,CALDERÓN,ESMERALDAS,Medio,7,2308.105882352941,4200.599999999999,646.9,34.930478780313834,116.94342041015624,6.299748413771583,0.0,0.3865857521814984,69.83252689096096,12.0,37.0,0.0,0.0,100.0,0.0,0.0,0.0
080554,08,ESMERALDAS,SAN LORENZO,CARONDELET,ESMERALDAS,Medio,5,2308.105882352941,4200.599999999999,646.9,46.56230662394631,218.43850231170651,5.392957092759403,0.0,1.4858191570128616,56.55559529265546,12.0,16.0,0.0,20.0,80.0,0.0,0.0,0.0
080555,08,ESMERALDAS,SAN LORENZO,5 DE JUNIO,ESMERALDAS,Bajo,1,3616.7636363636366,4308.8,2924.7272727272725,94.40977466573707,616.843505859375,10.017127177347849,0.0,0.4141520273791031,61.74704005922468,23.0,1.0,0.0,100.0,0.0,0.0,0.0,0.0
080556,08,ESMERALDAS,SAN LORENZO,CONCEPCIÓN,ESMERALDAS,Bajo,1,3616.7636363636366,4308.8,2924.7272727272725,21.194598378568603,305.7016906738281,6.145766022951119,0.0,0.0939041740907103,55.31501772970323,49.0,9.0,0.0,52.63157894736842,42.10526315789473,5.263157894736842,0.0,0.0
080557,08,ESMERALDAS,SAN LORENZO,MATAJE,ESMERALDAS,Bajo,2,5138.622727272727,9414.981818181815,3076.5,154.46661109228097,467.20444989204407,7.072133394034576,0.0,1.511983321388375,73.72496499688289,77.0,3.0,0.0,55.55555555555556,37.03703703703704,1.851851851851852,0.0,0.0
080558,08,ESMERALDAS,SAN LORENZO,SAN JAVIER DE CACHAVÍ,ESMERALDAS,Bajo,2,4222.0,5431.5,3446.8000000000006,37.39948440252876,116.43371295928956,5.519942216761028,0.0,1.0580960384718756,64.28084096919478,11.0,17.0,0.0,25.0,75.0,0.0,0.0,0.0
080559,08,ESMERALDAS,SAN LORENZO,SANTA RITA,ESMERALDAS,Bajo,1,4222.0,5431.5,3446.8000000000006,77.41842710285849,498.9660034179688,9.503169093571971,0.0,1.456211489190316,72.09440133573317,10.0,20.0,0.0,75.0,25.0,0.0,0.0,0.0
080560,08,ESMERALDAS,SAN LORENZO,TAMBILLO,ESMERALDAS,Bajo,0,2631.8964102564105,4315.6,643.4,11.795266103864591,58.181336402893066,4.070525634749281,0.0,0.0,79.68636072163517,77.0,6.0,0.0,30.0,35.0,10.0,0.0,0.0
080561,08,ESMERALDAS,SAN LORENZO,TULULBÍ,ESMERALDAS,Bajo,3,7976.327272727273,9414.981818181815,5519.4,185.25553328650503,535.16943359375,9.55720235544296,0.0,0.447776488834307,83.11963946179473,48.0,8.0,0.0,75.75757575757575,21.21212121212121,3.0303030303030303,0.0,0.0
080562,08,ESMERALDAS,SAN LORENZO,URBINA,ESMERALDAS,Bajo,1,4222.0,5431.5,3446.8000000000006,58.26743971194391,435.6965026855469,7.768818568718843,0.0,0.4347837690526306,62.107943144902165,11.0,5.0,0.0,100.0,0.0,0.0,0.0,0.0
080650,08,ESMERALDAS,ATACAMES,ATACAMES,ESMERALDAS,Alto,22,889.450909090909,1150.0,576.6545454545455,127.6836641611326,427.42861700057983,13.910327822484993,0.0,0.6648622123075568,68.74622217182883,223.0,210.0,0.0,20.0,66.66666666666666,0.0,13.333333333333334,0.0
080651,08,ESMERALDAS,ATACAMES,LA UNIÓN,ESMERALDAS,Medio,6,2331.8649667405766,8076.0,740.7272727272727,140.97760559860035,435.18498945236206,16.53668345791355,0.0,0.5065365973242022,56.33079001855084,35.0,29.0,0.0,45.45454545454545,54.54545454545454,0.0,0.0,0.0
080652,08,ESMERALDAS,ATACAMES,SÚA,ESMERALDAS,Bajo,3,2331.8649667405766,8076.0,740.7272727272727,115.67930625164864,271.72637939453125,15.238005383722156,0.0,0.801325587139652,66.9382541737968,31.0,61.0,10.0,20.0,70.0,0.0,0.0,0.0
080653,08,ESMERALDAS,ATACAMES,TONCHIGÜE,ESMERALDAS,Bajo,4,2331.8649667405766,8076.0,740.7272727272727,47.73813758435572,296.732946395874,12.999700491459183,0.0,0.1446619136017921,63.65666188259412,215.0,60.0,0.0,27.27272727272727,63.63636363636363,9.090909090909092,0.0,0.0
080654,08,ESMERALDAS,ATACAMES,TONSUPA,ESMERALDAS,Medio,7,889.450909090909,1150.0,576.6545454545455,119.10165446660088,436.5823059082031,12.891004785512637,0.0,0.5134535805257098,61.11102298999267,25.0,160.0,0.0,50.0,40.0,0.0,0.0,0.0
080750,08,ESMERALDAS,RIOVERDE,RIOVERDE,ESMERALDAS,Alto,34,881.2325174825176,2072.2909090909093,359.12727272727267,39.955112371836925,254.8876929283142,11.6224425380382,0.0,0.0561495832406033,66.81690050936257,13.0,97.0,0.0,80.0,20.0,0.0,0.0,0.0
080751,08,ESMERALDAS,RIOVERDE,CHONTADURO,ESMERALDAS,Bajo,3,1596.309696969697,1807.309090909091,1365.12,143.1906205585599,542.5150756835938,14.45403374840498,0.0,1.1249517989017588,50.71037410090964,25.0,19.0,0.0,37.5,62.5,0.0,0.0,0.0
080752,08,ESMERALDAS,RIOVERDE,CHUMUNDÉ,ESMERALDAS,Alto,13,2032.751948051948,2627.5,1373.7,195.60611560500303,443.1217346191406,14.529594261573669,0.0,1.1494377573104793,60.94333824404882,44.0,8.0,0.0,58.69565217391305,41.30434782608695,0.0,0.0,0.0
080753,08,ESMERALDAS,RIOVERDE,LAGARTO,ESMERALDAS,Medio,6,2023.4866310160428,2930.8,317.0,30.788208276387422,214.6827545166016,9.49857455303639,0.0,5.682811332668996,11.85964213256491,18.0,27.0,0.0,35.0,65.0,0.0,0.0,0.0
080754,08,ESMERALDAS,RIOVERDE,MONTALVO,ESMERALDAS,Medio,7,1596.309696969697,1807.309090909091,1365.12,67.26474725609847,408.8591613769531,12.350883307825702,0.0,4.386921028648289,19.785668193464303,10.0,17.0,0.0,51.85185185185185,48.14814814814815,0.0,0.0,0.0
080755,08,ESMERALDAS,RIOVERDE,ROCAFUERTE,ESMERALDAS,Medio,5,993.2272727272727,1210.3,788.5,58.55057033870195,320.6340156495571,13.174742843814087,0.0,2.410771889671384,51.30869662397696,5.0,40.0,0.0,46.66666666666666,53.333333333333336,0.0,0.0,0.0
090150,09,GUAYAS,GUAYAQUIL,GUAYAQUIL,GUAYAS,Alto,112,991.0510146290492,3362.033333333333,244.2,12.00395013519952,469.8853332996368,5.108833313791411,0.0,2.682779042652713,61.78438485869052,2272.0,1507.0,9.523809523809524,11.30952380952381,22.02380952380952,5.952380952380952,13.690476190476192,0.0
090152,09,GUAYAS,GUAYAQUIL,JUAN GÓMEZ RENDÓN,GUAYAS,Medio,9,644.9421818181819,3045.6000000000004,121.59999999999998,75.28239908381154,380.4356861114502,5.813886665845851,0.0,1.2517199661199905,42.45131109348907,32.0,44.0,0.0,0.0,29.166666666666668,0.0,0.0,0.0
090153,09,GUAYAS,GUAYAQUIL,MORRO,GUAYAS,Bajo,1,381.28874458874463,1098.7,52.20000000000001,20.89824003846526,154.36220383644104,2.567985101424635,0.0,0.0063037341177991,67.76071102228414,546.0,20.0,0.0,3.571428571428571,35.714285714285715,0.0,3.571428571428571,0.0
090156,09,GUAYAS,GUAYAQUIL,POSORJA,GUAYAS,Medio,9,395.0981818181818,701.6,154.4,10.49532257236048,44.17469596862793,2.078555616556224,0.0,1.7233579005662814,71.75458965655766,359.0,458.0,11.11111111111111,0.0,0.0,0.0,22.22222222222222,0.0
090157,09,GUAYAS,GUAYAQUIL,PUNÁ,GUAYAS,Bajo,0,429.54857142857145,1136.4,126.84,3.932803428699687,275.9112548828125,2.580805027897481,0.0,0.7202822873171258,81.69667578867136,7975.0,8.0,0.0,1.020408163265306,3.741496598639456,8.16326530612245,19.727891156462583,0.0
090158,09,GUAYAS,GUAYAQUIL,TENGUEL,GUAYAS,Medio,10,915.9375,1505.8,418.0,6.473972163028791,104.63346862792967,1.3716913692489852,0.0,0.4254375663047311,87.00998973197001,545.0,85.0,0.0,10.0,20.0,5.0,45.0,0.0
090250,09,GUAYAS,ALFREDO BAQUERIZO MORENO (JUJÁN),ALFREDO BAQUERIZO MORENO (JUJÁN),GUAYAS,Alto,35,1521.2,1521.2,1521.2,4.686111712976418,33.50920104980469,1.319958882288729,0.0,2.8771994308505766,52.30552739975878,16.0,112.0,0.0,0.0,94.44444444444444,0.0,0.0,0.0
090350,09,GUAYAS,BALAO,BALAO,GUAYAS,Alto,17,924.6727272727272,1439.2363636363634,434.4,51.51518602966933,553.25830078125,1.8202447332480185,0.0,0.0146557850069416,66.81174717968732,310.0,58.0,0.0,5.660377358490567,47.16981132075472,0.0,24.52830188679245,0.0
090450,09,GUAYAS,BALZAR,BALZAR,GUAYAS,Alto,19,1717.9046753246753,2937.84,930.57,20.65251707069876,260.2142333984375,4.901037979108422,0.0,1.4466225736263605,46.55800383614478,32.0,49.0,0.0,1.020408163265306,97.95918367346938,1.020408163265306,0.0,0.0
090550,09,GUAYAS,COLIMES,COLIMES,GUAYAS,Alto,14,1367.5345031712473,3537.0,0.0,22.234108314526004,262.5147705078125,4.838537434358262,0.0,1.495726781539669,34.812080008506015,17.0,37.0,0.0,2.0,96.0,2.0,0.0,0.0
090551,09,GUAYAS,COLIMES,SAN JACINTO,GUAYAS,Bajo,2,1139.1831060606062,2680.4,152.5,26.85141062464964,247.47547912597656,4.508758789249587,0.0,1.53948221791609,30.865880220197784,15.0,28.0,0.0,11.11111111111111,88.88888888888889,0.0,0.0,0.0
090650,09,GUAYAS,DAULE,DAULE,GUAYAS,Alto,24,1192.438041958042,1839.8,469.09090909090907,3.1463148418864297,193.72457885742188,1.9013118944753329,0.0,0.6721885962779666,75.40806722709013,161.0,801.0,10.0,0.0,80.0,0.0,0.0,0.0
090652,09,GUAYAS,DAULE,JUAN BAUTISTA AGUIRRE,GUAYAS,Medio,5,1392.4810606060607,2444.9,898.2999999999998,3.5379454926624736,23.26283928751945,0.7669815272267155,0.0,1.5791911838125758,37.87323933865064,12.0,126.0,0.0,0.0,100.0,0.0,0.0,0.0
090653,09,GUAYAS,DAULE,LAUREL,GUAYAS,Bajo,4,1566.367909090909,2595.7,795.4,5.51902132424042,18.52231204509735,1.2576734496432669,0.0,0.1432358159201856,70.10524116437536,10.0,284.0,0.0,0.0,100.0,0.0,0.0,0.0
090654,09,GUAYAS,DAULE,LIMONAL,GUAYAS,Bajo,1,1013.4892045454544,2335.090909090909,534.4,3.793101319367017,24.406709671020508,1.1247486595174263,0.0,0.124071953528754,71.97463990082113,21.0,194.0,0.0,0.0,100.0,0.0,0.0,0.0
090656,09,GUAYAS,DAULE,LOS LOJAS,GUAYAS,Medio,5,702.9857142857143,1489.2,366.5,8.413822654027513,304.7673645019531,2.5857186811786894,0.0,2.0349759380552768,45.17505573330835,32.0,80.0,0.0,0.0,75.0,0.0,0.0,0.0
090750,09,GUAYAS,DURÁN,ELOY ALFARO,GUAYAS,Alto,33,1086.0,1086.0,1086.0,4.294031248699128,129.5038604736328,1.0819255655009714,0.0,0.6117536344171085,62.820410344347344,997.0,889.0,10.344827586206897,0.0,48.27586206896552,13.79310344827586,13.79310344827586,0.0
090850,09,GUAYAS,EL EMPALME,VELASCO IBARRA,GUAYAS,Alto,17,1929.7994545454544,2937.84,1077.9,29.466776187054517,94.54202270507812,6.657919128454794,0.0,0.9799898769733012,44.45464453021042,16.0,344.0,0.0,0.0,100.0,0.0,0.0,0.0
090851,09,GUAYAS,EL EMPALME,GUAYAS,GUAYAS,Bajo,0,1398.698909090909,3427.95,197.80000000000004,38.549759391371765,119.42865753173828,5.98409464229232,0.0,2.7600356919204816,43.190200911754594,182.0,52.0,0.0,0.0,96.66666666666669,3.333333333333333,0.0,0.0
090852,09,GUAYAS,EL EMPALME,EL ROSARIO,GUAYAS,Bajo,2,2059.192,2644.32,1517.3,29.874837645514525,107.58245086669922,5.359835940577977,0.0,1.7796398520378314,21.71124200887095,10.0,73.0,8.333333333333332,0.0,91.66666666666666,0.0,0.0,0.0
090950,09,GUAYAS,EL TRIUNFO,EL TRIUNFO,GUAYAS,Alto,17,1796.571636363636,3561.7,559.9,102.1958411303664,1302.4695873260498,2.871379676189798,0.0,0.107593241361742,74.00563174179545,143.0,108.0,0.0,1.9230769230769231,82.6923076923077,0.0,0.0,0.0
091050,09,GUAYAS,MILAGRO,MILAGRO,GUAYAS,Alto,28,1353.9540832049306,4130.4,502.3999999999999,6.909969009827256,38.05073547363281,0.9932701613353068,0.0,0.0173493447008111,50.36401431548943,40.0,776.0,5.555555555555555,0.0,83.33333333333334,0.0,0.0,0.0
091051,09,Sin dato,Sin dato,Sin dato,GUAYAS,Bajo,0,1353.9540832049306,4130.4,502.3999999999999,10.19949602885898,23.139477014541622,0.7827996360974367,0.0,0.0937677020580698,78.07165768269559,8.0,96.0,0.0,0.0,75.0,0.0,0.0,0.0
091053,09,GUAYAS,MILAGRO,MARISCAL SUCRE,GUAYAS,Bajo,3,1918.3,3969.1,1204.0,24.035135999170524,28.45052528381348,1.3719683843481567,0.0,0.989165121718211,63.02269110675133,9.0,110.0,0.0,0.0,83.33333333333334,0.0,0.0,0.0
091054,09,GUAYAS,MILAGRO,ROBERTO ASTUDILLO,GUAYAS,Bajo,3,1874.2,2181.3,1567.0999999999997,25.942095620310592,36.42296886444092,1.290924691639819,0.0,2.070297688116057,35.81309561356994,7.0,156.0,0.0,0.0,83.33333333333334,0.0,0.0,0.0
091150,09,GUAYAS,NARANJAL,NARANJAL,GUAYAS,Medio,8,648.8113818181819,2002.2,198.7,251.1527208488361,1718.7216796875,9.414894774178292,0.0,2.6548192326558144,51.05767398465576,257.0,86.0,0.0,31.91489361702128,48.93617021276596,0.0,4.25531914893617,0.0
091151,09,GUAYAS,NARANJAL,JESÚS MARÍA,GUAYAS,Bajo,2,1414.3452854122622,3998.8000000000006,352.3999999999999,152.85729926362816,1437.77880859375,5.8973041228465215,0.0,0.2412760014357179,85.31208738856739,20.0,62.0,0.0,10.0,70.0,0.0,0.0,0.0
091152,09,GUAYAS,NARANJAL,SAN CARLOS,GUAYAS,Bajo,2,1414.3452854122622,3998.8000000000006,352.3999999999999,64.55921818965597,536.3556518554688,2.042521451395201,0.0,0.0454596776184019,50.85429714711231,12.0,91.0,0.0,0.0,100.0,0.0,0.0,0.0
091153,09,GUAYAS,NARANJAL,SANTA ROSA DE FLANDES,GUAYAS,Bajo,2,648.8113818181819,2002.2,198.7,9.317691278507857,38.42449188232422,2.181154369170172,0.0,0.0,87.76445489346777,399.0,47.0,7.6923076923076925,0.0,0.0,7.6923076923076925,23.07692307692308,0.0
091154,09,GUAYAS,NARANJAL,TAURA,GUAYAS,Medio,6,1344.5355731225295,4136.3,612.9,27.40801439868229,691.5263671875,3.088259905194524,0.0,0.0345842170095544,59.43931335312408,349.0,12.0,0.0,11.320754716981131,60.37735849056604,0.0,3.7735849056603774,0.0
091250,09,GUAYAS,NARANJITO,NARANJITO,GUAYAS,Alto,12,1674.4114285714288,2821.6800000000003,756.9,51.073385072370286,86.97107124328613,1.2130316505603995,0.0,2.4643774721040304,43.06525401386792,23.0,191.0,0.0,0.0,85.0,0.0,0.0,0.0
091350,09,GUAYAS,PALESTINA,PALESTINA,GUAYAS,Alto,37,716.1950582750583,1469.7,144.1,6.889051451046226,31.625492095947266,1.8573693195752008,0.0,0.7433939031840067,43.18006942018387,35.0,97.0,0.0,0.0,93.75,6.25,0.0,0.0
091450,09,GUAYAS,PEDRO CARBO,PEDRO CARBO,GUAYAS,Alto,34,875.021052631579,1805.5,367.6000000000001,172.6006018712725,494.1559524536133,7.665305768844954,0.0,0.3286280987848644,55.88762200651409,46.0,74.0,0.0,23.25581395348837,53.48837209302325,0.0,0.0,0.0
091451,09,GUAYAS,PEDRO CARBO,VALLE DE LA VIRGEN,GUAYAS,Bajo,1,950.7228282828283,1998.7,347.76000000000005,74.44416575790622,214.82376861572263,5.78868539288527,0.0,1.1495058304735168,35.782288096989674,7.0,57.0,0.0,11.11111111111111,77.77777777777779,0.0,0.0,0.0
091452,09,GUAYAS,PEDRO CARBO,SABANILLA,GUAYAS,Medio,5,875.021052631579,1805.5,367.6000000000001,66.41547431508877,406.69873046875,6.711814158111856,0.0,0.0667567377637839,64.20577790378628,34.0,25.0,0.0,7.4074074074074066,44.44444444444444,0.0,0.0,0.0
091650,09,GUAYAS,SAMBORONDÓN,SAMBORONDÓN,GUAYAS,Medio,11,1020.6236363636364,1842.1,706.2999999999998,2.085605625785473,288.2977905273437,0.9370313081746552,0.0,0.8131816121510712,69.5071282429174,291.0,327.0,4.761904761904762,0.0,90.47619047619048,4.761904761904762,0.0,0.0
091651,09,GUAYAS,SAMBORONDÓN,TARIFA,GUAYAS,Medio,9,1089.8666666666666,1842.1,706.2999999999998,1.1240695635849922,95.7577133178711,0.5355503468674976,0.0,0.3394063830495124,80.05829596108237,41.0,179.0,0.0,0.0,100.0,0.0,0.0,0.0
091850,09,GUAYAS,SANTA LUCÍA,SANTA LUCÍA,GUAYAS,Alto,16,1230.281740812379,3325.7363636363634,440.0,9.578454041441349,171.9376983642578,2.127831118317805,0.0,0.5594827564720782,35.44681983110071,63.0,120.0,0.0,0.0,100.0,0.0,0.0,0.0
091950,09,GUAYAS,SALITRE,EL SALITRE,GUAYAS,Alto,32,1341.6372727272726,2444.9,598.0363636363637,4.5390912903827125,25.293550729751587,1.009914998924037,0.0,0.4987157989967171,66.61396494000388,30.0,231.0,8.333333333333332,0.0,91.66666666666666,0.0,0.0,0.0
091951,09,GUAYAS,SALITRE,GENERAL VERNAZA,GUAYAS,Medio,11,1369.509090909091,2427.6,598.0363636363637,7.001398754432525,24.18744647502899,1.3792386291392944,0.0,0.1571026904631424,66.08723937396474,18.0,124.0,0.0,0.0,100.0,0.0,0.0,0.0
091952,09,GUAYAS,SALITRE,LA VICTORIA,GUAYAS,Medio,5,1089.8666666666666,1842.1,706.2999999999998,2.898171615035736,17.80915069580078,0.6168385145810499,0.0,0.0758400860523022,89.69684522388168,52.0,90.0,0.0,0.0,100.0,0.0,0.0,0.0
091953,09,GUAYAS,SALITRE,JUNQUILLAL,GUAYAS,Medio,9,1566.367909090909,2595.7,795.4,7.854371902612612,27.61220955848694,1.2126557519331906,0.0,1.8108118443753412,44.11562102644567,15.0,134.0,0.0,0.0,100.0,0.0,0.0,0.0
092050,09,GUAYAS,SAN JACINTO DE YAGUACHI,SAN JACINTO DE YAGUACHI,GUAYAS,Medio,8,1353.9540832049306,4130.4,502.3999999999999,1.697818006772828,21.45146369934082,0.5757701755591991,0.0,0.0,52.05912146565491,67.0,119.0,0.0,0.0,81.81818181818183,0.0,18.181818181818183,0.0
092053,09,GUAYAS,SAN JACINTO DE YAGUACHI,GENERAL PEDRO J. MONTERO,GUAYAS,Bajo,4,1107.9,1581.6,634.2,18.57320032012319,25.392621994018555,0.9767940453528288,0.0,0.5358321054551175,64.64736931409776,14.0,90.0,0.0,0.0,87.5,0.0,0.0,0.0
092055,09,GUAYAS,SAN JACINTO DE YAGUACHI,YAGUACHI VIEJO,GUAYAS,Bajo,1,1006.0947368421052,3750.2,250.4,10.64061052129941,29.358311653137207,1.380322499161681,0.0,3.0775688016804845,20.144207624849404,1.0,122.0,0.0,0.0,100.0,0.0,0.0,0.0
092056,09,GUAYAS,SAN JACINTO DE YAGUACHI,VIRGEN DE FÁTIMA,GUAYAS,Bajo,3,1006.0947368421052,3750.2,250.4,12.04492502751284,30.051002502441406,1.4406787963370369,0.0,0.5034529308175083,77.19959149951697,6.0,351.0,0.0,0.0,100.0,0.0,0.0,0.0
092150,09,GUAYAS,PLAYAS,GENERAL VILLAMIL,GUAYAS,Alto,24,334.2774125874126,1218.5,22.5,52.15175847286542,389.8788027763367,3.962431338943287,0.0,0.6143671500103826,56.25704296834388,293.0,218.0,3.389830508474576,0.0,11.864406779661016,0.0,5.084745762711865,0.0
092250,09,GUAYAS,SIMÓN BOLÍVAR,SIMÓN BOLÍVAR,GUAYAS,Medio,6,1521.2,1521.2,1521.2,12.111584173513688,46.816043853759766,1.6181807178427288,0.0,1.5567647334469927,54.54792682145144,26.0,124.0,0.0,0.0,90.9090909090909,0.0,0.0,0.0
092251,09,GUAYAS,SIMÓN BOLÍVAR,CORONEL LORENZO DE GARAYCOA,GUAYAS,Bajo,0,1843.236,2821.6800000000003,1085.7,23.20417237608647,118.40249633789062,1.5164158467645683,0.0,0.9474836633557412,72.7491394664067,57.0,82.0,0.0,0.0,83.33333333333334,0.0,0.0,0.0
092350,09,GUAYAS,CORONEL MARCELINO MARIDUEÑA,CORONEL MARCELINO MARIDUEÑA,GUAYAS,Medio,8,1732.331127946128,4806.8,519.2666666666668,60.20406588714691,127.48957824707033,1.2960801019491266,0.0,0.5852360943830028,77.33670652307678,26.0,52.0,0.0,0.0,95.23809523809524,0.0,0.0,0.0
092450,09,GUAYAS,LOMAS DE SARGENTILLO,LOMAS DE SARGENTILLO,GUAYAS,Medio,8,934.9923076923076,1493.9000000000003,390.2,17.63828164214197,59.56901264190674,1.6902414669571533,0.0,0.073529220181368,84.78675141140309,28.0,310.0,0.0,0.0,100.0,0.0,0.0,0.0
092550,09,GUAYAS,NOBOL,NARCISA DE JESÚS,GUAYAS,Alto,18,899.1376223776224,1552.4000000000003,306.6,12.35907987948968,324.2601623535156,4.360755453845451,0.0,3.625497215802,36.36317032806781,15.0,177.0,0.0,10.0,50.0,0.0,0.0,0.0
092750,09,GUAYAS,GENERAL  ANTONIO ELIZALDE,GENERAL ANTONIO ELIZALDE,GUAYAS,Medio,6,2515.9560427807487,5225.2,953.64,284.0880024646048,1609.3280487060547,6.026097655256429,0.0,1.6933563421197084,65.21848208754304,16.0,83.0,0.0,23.07692307692308,76.92307692307693,0.0,0.0,0.0
092850,09,GUAYAS,ISIDRO AYORA,ISIDRO AYORA,GUAYAS,Medio,6,934.9923076923076,1493.9000000000003,390.2,57.42646372282346,381.8033752441406,6.75606487357361,0.0,0.5669421541836401,37.32604574597213,31.0,29.0,0.0,29.545454545454547,34.090909090909086,0.0,0.0,0.0
120150,12,LOS RÍOS,BABAHOYO,BABAHOYO,LOS RÍOS,Alto,40,1618.2072727272728,3031.0,888.5999999999999,6.070561123761877,27.53203582763672,0.8328350712462483,0.0,0.4780128759773581,59.303071952679154,82.0,662.0,12.5,0.0,87.5,0.0,0.0,0.0
120152,12,LOS RÍOS,BABAHOYO,CARACOL,LOS RÍOS,Medio,5,2167.3230769230768,4084.7,274.1,15.63120411808072,91.89046263694765,1.3021209400921898,0.0,2.975377773007023,38.56310672773354,15.0,57.0,0.0,0.0,87.5,0.0,0.0,0.0
120153,12,LOS RÍOS,BABAHOYO,FEBRES CORDERO,LOS RÍOS,Alto,16,2525.8236363636365,4101.163636363636,1787.7599999999998,21.84304163379691,511.8246765136719,1.744220797527868,0.0,1.5693549663333732,58.765127417834485,54.0,55.0,0.0,0.0,100.0,0.0,0.0,0.0
120154,12,LOS RÍOS,BABAHOYO,PIMOCHA,LOS RÍOS,Alto,12,1609.2422589531682,4928.35,438.8,6.454501552816136,32.341087341308594,1.0004690559060256,0.0,0.839315262542612,78.21295773560965,67.0,101.0,0.0,0.0,87.5,0.0,0.0,0.0
120155,12,LOS RÍOS,BABAHOYO,LA UNIÓN,LOS RÍOS,Alto,15,2167.3230769230768,4084.7,274.1,81.7697347054764,826.7763583660126,4.044158960329706,0.0,1.5954216779419983,57.92084183807993,20.0,75.0,0.0,5.88235294117647,76.47058823529412,0.0,0.0,0.0
120250,12,LOS RÍOS,BABA,BABA,LOS RÍOS,Alto,12,1723.457142857143,4684.5,603.5,5.236280487804878,23.49076271057129,1.1793484177548734,0.0,1.4071625133489818,72.27562427795785,36.0,126.0,0.0,0.0,84.61538461538461,0.0,0.0,0.0
120251,12,LOS RÍOS,BABA,GUARE,LOS RÍOS,Bajo,2,2838.295,4909.7,1683.6,13.814197093084868,41.22517800331116,2.0797343720696992,0.0,0.0557428072599995,24.04517968710501,9.0,58.0,0.0,0.0,90.0,5.0,0.0,0.0
120252,12,LOS RÍOS,BABA,ISLA DE BEJUCAL,LOS RÍOS,Bajo,1,2838.295,4909.7,1683.6,9.728487089271871,34.788269996643066,1.4747445697096744,0.0,0.8784848673922703,61.51744598345981,11.0,91.0,0.0,0.0,50.0,0.0,0.0,0.0
120350,12,LOS RÍOS,MONTALVO,MONTALVO,LOS RÍOS,Alto,31,2289.388087774295,6229.399999999999,663.5,67.04850792560146,1029.3704215288162,3.668933086010455,0.0,1.290987526761374,68.9224675459831,36.0,87.0,0.0,0.0,100.0,0.0,0.0,0.0
120351,12,LOS RÍOS,MONTALVO,LA ESMERALDA,LOS RÍOS,Bajo,2,2306.156818181818,3530.0,1211.3,207.3831341412453,837.0202713012695,9.36143307975255,0.0,0.3598205891029288,84.84871752806849,25.0,44.0,0.0,16.666666666666664,66.66666666666666,0.0,0.0,0.0
120450,12,LOS RÍOS,PUEBLOVIEJO,PUEBLOVIEJO,LOS RÍOS,Bajo,3,1898.7630681818184,4139.1,891.8181818181819,16.754397095959597,42.855159282684326,1.999958374629909,0.0,0.2470227543372434,23.09720229225293,4.0,100.0,0.0,0.0,84.61538461538461,0.0,0.0,0.0
120451,12,LOS RÍOS,PUEBLOVIEJO,PUERTO PECHICHE,LOS RÍOS,Bajo,3,2482.3441616161617,8922.327272727272,898.1,25.83825411600442,40.01783275604248,3.407137486620439,0.0,3.0084167721105315,20.01306843381608,7.0,64.0,0.0,0.0,85.71428571428571,14.285714285714285,0.0,0.0
120452,12,LOS RÍOS,PUEBLOVIEJO,SAN JUAN,LOS RÍOS,Bajo,4,489.5095041322314,1762.8,87.59999999999998,12.076755526657998,31.167428970336918,1.2366940943802898,0.0,2.0638917791658957,29.396788862599376,4.0,203.0,0.0,0.0,44.44444444444444,0.0,0.0,0.0
120550,12,LOS RÍOS,QUEVEDO,QUEVEDO,LOS RÍOS,Alto,33,2261.7650000000003,3043.0,1562.1600000000003,37.27628908703684,116.5022201538086,4.1729270736497055,0.0,1.2205295331212724,68.48531537420227,233.0,732.0,5.0,0.0,85.0,0.0,0.0,0.0
120553,12,LOS RÍOS,QUEVEDO,SAN CARLOS,LOS RÍOS,Bajo,4,2261.7650000000003,3043.0,1562.1600000000003,75.26288274408962,79.81231689453125,4.426920447597264,0.0,1.2132886963371927,61.6954030085266,27.0,144.0,0.0,0.0,85.71428571428571,0.0,0.0,0.0
120555,12,LOS RÍOS,QUEVEDO,LA ESPERANZA,LOS RÍOS,Bajo,2,2261.7650000000003,3043.0,1562.1600000000003,44.09604760600515,116.43443298339844,2.646560155036761,0.0,2.199335141330383,61.48623650485258,23.0,174.0,0.0,0.0,60.0,0.0,0.0,0.0
120650,12,LOS RÍOS,URDANETA,CATARAMA,LOS RÍOS,Alto,17,1898.7630681818184,4139.1,891.8181818181819,13.739067960706526,29.217182159423828,1.5043830249244714,0.0,0.7052091787369702,70.39678872506106,12.0,193.0,0.0,0.0,80.0,20.0,0.0,0.0
120651,12,LOS RÍOS,URDANETA,RICAURTE,LOS RÍOS,Alto,26,2391.9853872053877,4679.76,1542.9000000000003,183.1633417060468,1531.0175149440763,7.803529819124087,0.0,0.9330066903505496,60.39771575700095,64.0,70.0,0.0,13.79310344827586,82.75862068965517,0.0,0.0,0.0
120750,12,LOS RÍOS,VENTANAS,VENTANAS,LOS RÍOS,Alto,26,2447.245276679842,8922.327272727272,898.1,42.33700753231456,167.67078399658203,2.989317434975354,0.0,1.4155895566047951,43.096803211067936,30.0,320.0,0.0,0.0,100.0,0.0,0.0,0.0
120752,12,LOS RÍOS,VENTANAS,ZAPOTAL,LOS RÍOS,Medio,8,1840.786363636364,3225.8000000000006,456.3272727272728,93.53933835470252,1095.8654861450195,6.064520930879959,0.0,0.4778611442619701,52.36143460855372,62.0,75.0,0.0,0.0,94.11764705882352,0.0,0.0,0.0
120753,12,LOS RÍOS,VENTANAS,CHACARITA,LOS RÍOS,Bajo,1,1840.786363636364,3225.8000000000006,456.3272727272728,329.5006768215836,1134.6241455078125,12.269335497162404,0.0,2.315266113207176,36.678413383284,4.0,51.0,0.0,16.666666666666664,83.33333333333334,0.0,0.0,0.0
120754,12,LOS RÍOS,VENTANAS,LOS ÁNGELES,LOS RÍOS,Bajo,0,1840.786363636364,3225.8000000000006,456.3272727272728,171.83572476473324,1134.525390625,8.21910569833202,0.0,0.2895528730253605,73.45055631634658,9.0,52.0,0.0,20.0,60.0,0.0,0.0,0.0
120850,12,LOS RÍOS,VINCES,VINCES,LOS RÍOS,Medio,9,1554.5763442940038,3825.0,701.28,20.99550027916162,65.4033635854721,2.9731449754193293,0.0,0.3153210154425426,35.1248560187258,42.0,111.0,0.0,0.0,93.61702127659576,0.0,0.0,0.0
120851,12,LOS RÍOS,VINCES,ANTONIO SOTOMAYOR,LOS RÍOS,Alto,14,757.7999999999998,1264.0,455.8999999999999,10.816776512060132,28.73050737380981,1.5711882744637933,0.0,0.3255785212978542,56.27756894149489,19.0,126.0,0.0,0.0,100.0,0.0,0.0,0.0
120950,12,LOS RÍOS,PALENQUE,PALENQUE,LOS RÍOS,Medio,5,1380.2069696969695,2902.8000000000006,288.2,32.29743926679918,69.06642150878906,4.283277624606578,0.0,0.5537126562113872,26.068732353195237,16.0,44.0,0.0,0.0,97.91666666666666,2.083333333333333,0.0,0.0
121050,12,LOS RÍOS,BUENA FE,SAN JACINTO DE BUENA FE,LOS RÍOS,Medio,6,1821.242207792208,3084.0000000000005,981.7999999999998,107.05044809183366,126.96221923828124,5.917140074570328,0.0,0.0,72.76442335772137,136.0,144.0,2.5,0.0,77.5,2.5,0.0,0.0
121051,12,LOS RÍOS,BUENA FE,PATRICIA PILAR,LOS RÍOS,Bajo,2,1397.85,1419.9000000000003,1375.8,157.6908348327764,128.46449279785156,5.360429101813509,0.0,0.1385944348184741,74.74692117488497,42.0,89.0,0.0,0.0,91.66666666666666,0.0,0.0,0.0
121150,12,LOS RÍOS,VALENCIA,VALENCIA,LOS RÍOS,Alto,18,2954.092682140554,5469.3,1554.36,269.37987525995675,2132.1611328125,6.056583186167488,0.0,1.4413242137498792,55.9945862888702,238.0,53.0,0.0,10.526315789473683,69.73684210526315,1.3157894736842104,0.0,0.0
121250,12,LOS RÍOS,MOCACHE,MOCACHE,LOS RÍOS,Alto,18,2078.3637272727274,4917.2,802.56,53.77076703057648,77.99374389648438,4.721539379575092,0.0,1.6475157508648626,36.83157061280957,89.0,74.0,1.96078431372549,0.0,88.23529411764706,0.0,0.0,0.0
121350,12,LOS RÍOS,QUINSALOMA,QUINSALOMA,LOS RÍOS,Medio,6,800.9860606060605,2510.8,82.0,45.36536421207561,201.9474639892578,2.965303507116193,0.0,0.2125705231862254,71.77288875657179,49.0,67.0,0.0,0.0,77.77777777777779,3.7037037037037033,0.0,0.0
130150,13,MANABÍ,PORTOVIEJO,PORTOVIEJO,MANABÍ,Alto,60,517.415562403698,1796.2,182.9,79.08326023041127,661.1712036132812,11.842454093343536,0.0,1.958605878022662,40.64976687494033,254.0,608.0,2.7777777777777777,11.11111111111111,58.333333333333336,0.0,0.0,2.7777777777777777
130151,13,MANABÍ,PORTOVIEJO,ABDÓN CALDERÓN,MANABÍ,Alto,14,899.4809881422925,2317.7454545454543,255.1,95.60408325089892,548.2142333984375,16.79346696613602,0.0,0.1388946414925146,32.151220885551155,17.0,139.0,0.0,55.55555555555556,44.44444444444444,0.0,0.0,0.0
130152,13,MANABÍ,PORTOVIEJO,ALHAJUELA,MANABÍ,Medio,6,899.4809881422925,2317.7454545454543,255.1,201.77058050316387,423.845588684082,18.68117475401821,0.0,1.089380228489394,41.10758016076095,3.0,152.0,0.0,50.0,50.0,0.0,0.0,0.0
130153,13,MANABÍ,PORTOVIEJO,CRUCITA,MANABÍ,Medio,8,492.1621212121211,1924.472727272727,87.48,77.00995185082958,294.97804045677185,8.659463387324376,0.0,1.50248010525648,40.56850735676546,72.0,274.0,0.0,0.0,54.54545454545454,0.0,0.0,0.0
130154,13,MANABÍ,PORTOVIEJO,PUEBLO NUEVO,MANABÍ,Medio,5,899.4809881422925,2317.7454545454543,255.1,132.7691613149259,554.5689086914062,17.376068624030015,1.1127372245943303,4.260314527959638,0.0,0.0,113.0,0.0,33.33333333333333,66.66666666666666,0.0,0.0,0.0
130155,13,MANABÍ,PORTOVIEJO,RIOCHICO,MANABÍ,Alto,18,731.985928853755,2298.3,249.23999999999995,64.32999900584979,398.6531372070313,11.459622060499598,0.0,1.1236466328313592,43.15997952620874,72.0,187.0,0.0,0.0,87.5,0.0,0.0,0.0
130156,13,MANABÍ,PORTOVIEJO,SAN PLÁCIDO,MANABÍ,Medio,6,1559.8572488038278,4249.6,269.5,339.75271407223426,432.8316802978516,20.334048416471692,0.0,0.8736281178816203,39.48231009487796,9.0,59.0,0.0,58.333333333333336,41.66666666666667,0.0,0.0,0.0
130157,13,MANABÍ,PORTOVIEJO,CHIRIJOS,MANABÍ,Bajo,0,1186.9946640316207,2676.3,552.8399999999999,144.65357156832056,492.0876770019531,22.948622537715934,0.0,0.2204806977764878,50.23755125195183,3.0,45.0,0.0,33.33333333333333,66.66666666666666,0.0,0.0,0.0
130250,13,MANABÍ,BOLÍVAR,CALCETA,MANABÍ,Medio,11,1027.3529644268776,2934.8000000000006,425.2,38.201922144195045,540.34521484375,15.377975493730627,0.0,0.0860052380235222,54.15036637066169,63.0,114.0,0.0,14.814814814814811,81.48148148148148,3.7037037037037033,0.0,0.0
130251,13,MANABÍ,BOLÍVAR,MEMBRILLO,MANABÍ,Bajo,0,1393.7558441558442,1894.0363636363636,675.2727272727273,117.56791735976071,548.3358154296875,20.077395580393045,0.0,0.4880347361192973,52.20355062367674,14.0,29.0,0.0,0.0,100.0,0.0,0.0,0.0
130252,13,MANABÍ,BOLÍVAR,QUIROGA,MANABÍ,Bajo,2,1466.160620842572,3570.45,208.8,111.29088571539673,511.43109130859375,20.68624681847325,0.0,2.699080861268192,54.486821336657584,12.0,36.0,0.0,30.0,70.0,0.0,0.0,0.0
130350,13,MANABÍ,CHONE,CHONE,MANABÍ,Alto,46,1553.2770875420874,8886.3,511.8,87.2484209757557,575.1529541015625,15.316709872784386,0.0,1.0085539620713104,63.64424876435098,259.0,95.0,0.0,22.058823529411764,77.94117647058823,0.0,0.0,0.0
130351,13,MANABÍ,CHONE,BOYACÁ,MANABÍ,Bajo,0,1031.7750964187328,5963.0,115.90000000000002,184.66465349616567,571.4354915618896,10.577208884863872,0.0,0.4682086291946911,44.49545329424169,79.0,19.0,0.0,0.0,100.0,0.0,0.0,0.0
130352,13,MANABÍ,CHONE,CANUTO,MANABÍ,Medio,8,1833.1818181818185,3603.4,857.8000000000001,78.99651326570066,567.0286865234375,16.070495566996552,0.0,0.8545198429739422,73.17073704649651,72.0,54.0,0.0,18.75,81.25,0.0,0.0,0.0
130353,13,MANABÍ,CHONE,CONVENTO,MANABÍ,Bajo,2,1953.709523809524,14472.9,363.8999999999999,143.40103217779358,619.2322998046875,13.058401662155584,0.0,0.0129339890871779,56.499713325237686,104.0,21.0,0.0,22.22222222222222,77.77777777777779,0.0,0.0,0.0
130354,13,MANABÍ,CHONE,CHIBUNGA,MANABÍ,Bajo,1,2440.0525324675327,4917.48,853.5,117.90233810609068,510.2007141113281,16.248458278410894,0.0,1.3071631128954957,67.24755729349243,94.0,11.0,0.0,29.411764705882355,70.58823529411765,0.0,0.0,0.0
130355,13,MANABÍ,CHONE,ELOY ALFARO,MANABÍ,Bajo,2,795.631597051597,2299.8545454545456,373.8999999999999,115.58208396119996,679.0971069335938,11.28417816678301,0.0,0.0124053364086051,44.89490920706973,67.0,20.0,0.0,14.285714285714285,85.71428571428571,0.0,0.0,0.0
130356,13,MANABÍ,CHONE,RICAURTE,MANABÍ,Medio,6,1603.1324242424243,2329.2,595.2,132.54101966534867,691.2042236328125,17.41403700741862,0.0,2.673387919526163,47.229719678066985,71.0,20.0,0.0,31.25,68.75,0.0,0.0,0.0
130357,13,MANABÍ,CHONE,SAN ANTONIO,MANABÍ,Alto,17,497.1745454545455,983.4000000000002,115.2,64.08911943952961,314.0044106245041,6.714654182472978,0.0,1.2720750255877085,78.4348135730896,495.0,45.0,0.0,0.0,88.88888888888889,0.0,11.11111111111111,0.0
130450,13,MANABÍ,EL CARMEN,EL CARMEN,MANABÍ,Alto,15,2681.467389277389,5462.7,1025.6,190.09463381130348,214.87335205078125,8.43130414540696,0.0,1.1901996800094177,62.14312347880947,77.0,111.0,0.0,11.11111111111111,88.88888888888889,0.0,0.0,0.0
130451,13,MANABÍ,EL CARMEN,WILFRIDO LOOR MOREIRA,MANABÍ,Bajo,3,2429.9190909090908,4917.48,853.5,228.12266152362585,337.3720397949219,16.69798933047418,0.0,0.8646131997164576,63.0240886008549,37.0,13.0,0.0,30.76923076923077,69.23076923076923,0.0,0.0,0.0
130452,13,MANABÍ,EL CARMEN,SAN PEDRO DE SUMA,MANABÍ,Bajo,0,2440.0525324675327,4917.48,853.5,193.1035196999633,134.0714111328125,9.201400796504233,0.0,1.0484185546230032,61.82112667914673,21.0,38.0,0.0,0.0,100.0,0.0,0.0,0.0
130453,13,MANABÍ,EL CARMEN,SANTA MARÍA,MANABÍ,Bajo,0,2099.7333333333336,3074.8000000000006,1404.2,102.70559708805824,96.5847625732422,7.178777970706024,0.0,1.021854672747949,80.81996972199313,178.0,40.0,0.0,9.67741935483871,77.41935483870968,9.67741935483871,0.0,0.0
130454,13,Sin dato,Sin dato,Sin dato,MANABÍ,Bajo,0,2004.7142857142856,3011.4,1036.7,153.54671995276914,170.31620025634766,7.58497075774352,0.0,1.76782919526652,61.29091081780277,41.0,71.0,0.0,0.0,91.66666666666666,8.333333333333332,0.0,0.0
130550,13,MANABÍ,FLAVIO ALFARO,FLAVIO ALFARO,MANABÍ,Alto,15,1606.891090909091,3222.0,743.3000000000001,260.3609820887191,588.7780151367188,18.45666862429838,0.0,1.2612141156113796,38.78506843633622,55.0,20.0,0.0,32.94117647058823,67.05882352941175,0.0,0.0,0.0
130551,13,MANABÍ,FLAVIO ALFARO,SAN FRANCISCO DE NOVILLO,MANABÍ,Bajo,0,2440.0525324675327,4917.48,853.5,250.39130323570788,345.2691192626953,17.23293409015318,0.0,0.2201121018998547,55.57305964028543,20.0,10.0,0.0,30.434782608695656,69.56521739130434,0.0,0.0,0.0
130552,13,MANABÍ,FLAVIO ALFARO,ZAPALLO,MANABÍ,Bajo,2,1606.891090909091,3222.0,743.3000000000001,121.0442896448697,670.1880493164062,13.021336941838827,0.0,1.5296163439441974,36.323401707427536,9.0,35.0,0.0,50.0,50.0,0.0,0.0,0.0
130650,13,MANABÍ,JIPIJAPA,JIPIJAPA,MANABÍ,Medio,7,528.9465694682676,2177.6,126.0,382.1859785183743,680.1867980957031,13.263867008858025,0.0,4.470793289912514,16.463611985646338,16.0,142.0,0.0,26.47058823529412,44.11764705882353,0.0,0.0,0.0
130651,13,MANABÍ,JIPIJAPA,AMÉRICA,MANABÍ,Bajo,4,988.3757219251336,2809.5,71.4,467.49294292239847,595.0745086669922,16.370341141065303,0.0,4.0986578768876685,13.56248360510454,3.0,38.0,0.0,87.5,12.5,0.0,0.0,0.0
130652,13,MANABÍ,JIPIJAPA,EL ANEGADO,MANABÍ,Bajo,4,988.3757219251336,2809.5,71.4,426.5387735856726,624.1735382080078,14.159721939998862,0.0,5.184545323911893,2.614137890521054,1.0,60.0,0.0,62.5,37.5,0.0,0.0,0.0
130653,13,MANABÍ,JIPIJAPA,JULCUY,MANABÍ,Bajo,4,714.3410671936758,9655.7,2.3,376.7445461612908,790.6375885009766,17.217813378516446,0.0,5.369742408013139,8.085682060783492,8.0,6.0,0.0,20.833333333333336,20.833333333333336,0.0,0.0,0.0
130654,13,MANABÍ,JIPIJAPA,LA UNIÓN,MANABÍ,Bajo,0,1150.33125,1850.6,361.3,412.96496149943295,515.5402374267578,17.484573886237072,0.0,0.9451775540123416,42.59210671369655,4.0,37.0,0.0,100.0,0.0,0.0,0.0,0.0
130656,13,MANABÍ,JIPIJAPA,MEMBRILLAL,MANABÍ,Bajo,1,433.96,699.7000000000002,218.9,268.34188133544126,767.3561706542969,13.49010250715166,0.0,1.9965989203924472,35.21784753302565,10.0,12.0,0.0,16.666666666666664,0.0,0.0,0.0,0.0
130657,13,MANABÍ,JIPIJAPA,PEDRO PABLO GÓMEZ,MANABÍ,Bajo,2,1251.2847664141414,6003.054545454546,424.85,492.4939691590897,638.5093536376953,16.273066343013934,0.0,0.6705006943599577,34.69902743044093,8.0,15.0,4.761904761904762,85.71428571428571,9.523809523809524,0.0,0.0,0.0
130658,13,MANABÍ,JIPIJAPA,PUERTO CAYO,MANABÍ,Bajo,0,434.8646245059289,2092.2,87.2,165.45976820676702,829.802734375,12.161583404246487,0.0,4.082789342067863,27.2435061664096,14.0,24.0,0.0,27.58620689655172,27.58620689655172,0.0,6.896551724137931,0.0
130750,13,MANABÍ,JUNÍN,JUNÍN,MANABÍ,Medio,7,1083.9384688995217,3089.1,41.345454545454544,107.06742311944346,550.09716796875,16.999487834173767,0.0,0.3614006219397228,48.61396998749135,68.0,84.0,0.0,50.0,50.0,0.0,0.0,0.0
130850,13,MANABÍ,MANTA,MANTA,MANABÍ,Alto,26,226.24727272727276,574.6,43.2,19.26458479233657,185.70673656463623,6.990595164416258,0.0,0.5259175201684256,76.71225607717548,196.0,2903.0,20.0,0.0,20.0,1.3333333333333337,0.0,0.0
130851,13,MANABÍ,MANTA,SAN LORENZO,MANABÍ,Bajo,0,425.25905454545455,3458.9,15.48,112.44234991662034,390.4841613769531,10.459948133911938,0.0,0.91359044225562,41.08880192226222,32.0,34.0,0.0,21.052631578947366,36.84210526315789,0.0,0.0,0.0
130852,13,MANABÍ,MANTA,SANTA MARIANITA,MANABÍ,Bajo,1,425.25905454545455,3458.9,15.48,86.18950252157768,330.6144104003906,14.81476566221264,0.0,0.3697184156854908,84.21831954434106,14.0,101.0,0.0,0.0,25.0,0.0,0.0,0.0
130950,13,MANABÍ,MONTECRISTI,MONTECRISTI,MANABÍ,Alto,16,479.8240994854202,2583.35,135.73333333333335,72.86773151773951,646.361572265625,7.489869152529148,0.0,0.0016171702504648,48.34515296877962,216.0,162.0,3.225806451612903,9.67741935483871,37.096774193548384,0.0,0.0,0.0
130952,13,MANABÍ,MONTECRISTI,LA PILA,MANABÍ,Bajo,4,334.4860227272728,1112.1,9.5,260.72229949003247,536.6662139892578,9.470327348583451,0.0,3.9192447521270384,16.70432758267214,9.0,29.0,0.0,0.0,22.22222222222222,0.0,0.0,0.0
131050,13,MANABÍ,PAJÁN,PAJÁN,MANABÍ,Bajo,4,1120.7161616161616,2843.8,269.28000000000003,264.4512042247886,505.5860366821289,12.106800366911274,0.0,0.96985551503585,31.396247946812,3.0,101.0,0.0,84.61538461538461,15.384615384615383,0.0,0.0,0.0
131051,13,MANABÍ,PAJÁN,CAMPOZANO,MANABÍ,Bajo,3,1350.5974211502785,3023.3000000000006,549.2,218.8262255261894,376.0481567382813,13.173105090800831,0.0,0.999509463777177,33.622892507892345,6.0,37.0,0.0,68.18181818181817,31.818181818181817,0.0,0.0,0.0
131052,13,MANABÍ,PAJÁN,CASCOL,MANABÍ,Bajo,1,1148.08652892562,2296.2545454545457,365.64,416.9780610308909,748.0886154174805,12.507005198557136,0.0,1.1695183809638514,35.70675863172282,18.0,19.0,0.0,65.0,20.0,0.0,0.0,0.0
131053,13,MANABÍ,PAJÁN,GUALE,MANABÍ,Bajo,1,1139.1831060606062,2680.4,152.5,166.83693672423098,285.6619567871094,9.603796788062722,0.0,0.4299979298501731,39.410608546675306,3.0,42.0,0.0,45.45454545454545,54.54545454545454,0.0,0.0,0.0
131054,13,MANABÍ,PAJÁN,LASCANO,MANABÍ,Bajo,3,1875.882222222222,4539.24,808.2999999999998,138.87500505479397,303.7402458190918,13.569053852789349,0.0,0.6629646475909756,46.37751185922148,7.0,38.0,0.0,41.66666666666667,58.333333333333336,0.0,0.0,0.0
131150,13,MANABÍ,PICHINCHA,PICHINCHA,MANABÍ,Bajo,1,2059.192,2644.32,1517.3,64.82373113984617,515.15576171875,13.375611682785152,0.0,3.960793252730416,49.692050057839765,455.0,35.0,0.0,4.761904761904762,83.33333333333334,9.523809523809524,0.0,0.0
131151,13,MANABÍ,PICHINCHA,BARRAGANETE,MANABÍ,Bajo,0,2028.665151515152,2975.3454545454547,1266.1,174.1682822317444,495.87591552734375,16.46454921400619,0.0,2.5038532331646817,64.25484580893858,97.0,19.0,0.0,15.384615384615383,84.61538461538461,0.0,0.0,0.0
131152,13,MANABÍ,PICHINCHA,SAN SEBASTIÁN,MANABÍ,Bajo,0,2083.3756926406927,7399.399999999999,813.5500000000001,69.94182845767718,504.9354553222656,16.881631037797824,0.0,2.0452975112451166,41.620463917872,15.0,33.0,0.0,16.666666666666664,83.33333333333334,0.0,0.0,0.0
131250,13,MANABÍ,ROCAFUERTE,ROCAFUERTE,MANABÍ,Alto,25,453.44919580419577,1666.5999999999997,136.28636363636366,106.91863701240968,520.1062364578247,8.574740494448779,0.0,0.989086771282476,68.76441253815734,264.0,153.0,4.0,4.0,80.0,0.0,0.0,0.0
131350,13,MANABÍ,SANTA ANA,SANTA ANA DE VUELTA LARGA,MANABÍ,Alto,19,807.402380952381,2401.0,318.96000000000004,209.62801768106087,468.12915802001953,16.426419157410706,0.0,1.531341418336155,38.92029036015645,45.0,84.0,0.0,58.333333333333336,41.66666666666667,0.0,0.0,0.0
131351,13,MANABÍ,SANTA ANA,AYACUCHO,MANABÍ,Medio,9,2082.3886363636366,5075.5,595.6,254.5267910678271,406.857421875,19.88282037543251,0.0,0.3885908526794644,32.61714111041083,4.0,76.0,0.0,60.0,40.0,0.0,0.0,0.0
131352,13,MANABÍ,SANTA ANA,HONORATO VÁSQUEZ,MANABÍ,Bajo,3,1636.9149818181818,5075.5,595.6,304.1508017540029,390.3911972045898,18.33021166393336,0.0,0.11655433328268,60.26254471453972,18.0,36.0,0.0,46.66666666666666,53.333333333333336,0.0,0.0,0.0
131353,13,MANABÍ,SANTA ANA,LA UNIÓN,MANABÍ,Medio,6,675.3999999999999,1932.12,85.68,172.17062442945382,372.5653762817383,14.788013423826898,0.0,0.0881594731659864,41.03603639548236,10.0,30.0,0.0,42.10526315789473,57.89473684210527,0.0,0.0,0.0
131355,13,MANABÍ,SANTA ANA,SAN PABLO,MANABÍ,Medio,5,675.3999999999999,1932.12,85.68,53.83005815453412,420.0832824707031,12.071617931627609,0.0,0.4879028436105901,29.90912562609354,9.0,27.0,0.0,5.0,95.0,0.0,0.0,0.0
131450,13,MANABÍ,SUCRE,BAHIA DE CARÁQUEZ,MANABÍ,Medio,6,515.2281818181818,906.7000000000002,247.80000000000004,108.5408994154813,396.5787658691406,12.15315735222882,0.0,1.279231480673109,69.80823700766396,610.0,162.0,5.88235294117647,5.88235294117647,58.82352941176471,0.0,5.88235294117647,0.0
131453,13,MANABÍ,SUCRE,CHARAPOTÓ,MANABÍ,Alto,14,398.5381818181818,1924.472727272727,80.64000000000001,163.23299189726342,463.4772674888373,12.917361294243095,0.0,3.0790914061880104,40.32650005366381,174.0,94.0,2.631578947368421,13.157894736842104,60.526315789473685,0.0,7.894736842105263,0.0
131457,13,MANABÍ,SUCRE,SAN ISIDRO,MANABÍ,Bajo,2,799.1667321867321,2299.8545454545456,373.8999999999999,286.20193110844525,584.3682250976562,13.570819487923137,0.0,1.6466150733021174,38.11845034547815,45.0,44.0,0.0,16.666666666666664,83.33333333333334,0.0,0.0,0.0
131550,13,MANABÍ,TOSAGUA,TOSAGUA,MANABÍ,Alto,15,850.3412587412587,4380.7,115.2,75.67636683628572,334.9790133237839,7.424429204962005,0.0,0.5819914794741117,73.23356255478849,510.0,126.0,0.0,0.0,85.0,0.0,10.0,0.0
131551,13,MANABÍ,TOSAGUA,BACHILLERO,MANABÍ,Bajo,3,1071.0704545454546,4380.7,214.9,22.350947272312258,119.07467937469482,3.704793657166615,0.0,0.3255978389483475,99.17931304832986,132.0,76.0,0.0,0.0,100.0,0.0,0.0,0.0
131552,13,MANABÍ,TOSAGUA,ÁNGEL PEDRO GILER,MANABÍ,Medio,5,848.719393939394,1615.5,302.61818181818177,50.76828157611789,211.38735961914065,4.547804090368759,0.0,0.0073733235046093,94.08379440591574,118.0,95.0,0.0,0.0,100.0,0.0,0.0,0.0
131650,13,MANABÍ,24 DE MAYO,SUCRE,MANABÍ,Medio,5,1183.657219251337,3004.2545454545457,517.6,305.21074517397994,539.2522506713867,15.683100221654836,0.0,1.7193217260064966,21.753606287531788,5.0,77.0,0.0,61.11111111111112,38.88888888888889,0.0,0.0,0.0
131651,13,MANABÍ,24 DE MAYO,BELLAVISTA,MANABÍ,Bajo,1,1670.0576515151515,4192.68,253.5,196.7181571160188,345.7197265625,15.12515923181734,0.0,1.5832184440590955,38.42351856644423,9.0,48.0,0.0,45.45454545454545,54.54545454545454,0.0,0.0,0.0
131652,13,MANABÍ,24 DE MAYO,NOBOA,MANABÍ,Bajo,1,1875.882222222222,4539.24,808.2999999999998,259.4530157274001,402.2668228149414,14.231853571787653,0.0,1.254891968620565,52.23879974399345,9.0,47.0,0.0,70.0,30.0,0.0,0.0,0.0
131653,13,MANABÍ,24 DE MAYO,ARQUITECTO SIXTO DURÁN BALLÉN,MANABÍ,Bajo,0,1875.882222222222,4539.24,808.2999999999998,153.964957308396,316.55859375,12.11330417248825,0.0,2.1690274220075567,37.28300743816691,3.0,41.0,0.0,28.57142857142857,71.42857142857143,0.0,0.0,0.0
131750,13,MANABÍ,PEDERNALES,PEDERNALES,MANABÍ,Alto,26,1010.0391460055096,3135.3000000000006,425.8999999999999,50.64847092121789,816.6257934570312,13.674314315739448,0.0,2.790928312194543,49.66739700199761,767.0,62.0,0.0,33.76623376623377,58.44155844155844,1.2987012987012987,5.194805194805195,0.0
131751,13,MANABÍ,PEDERNALES,COJIMÍES,MANABÍ,Medio,5,1445.264090909091,2113.3,863.1,104.45310195751286,781.8790860176086,12.017443248554144,0.0,0.6709350090669962,49.526093676986974,1966.0,21.0,0.0,40.69767441860465,38.372093023255815,4.651162790697675,10.465116279069768,0.0
131752,13,MANABÍ,PEDERNALES,DIEZ DE AGOSTO,MANABÍ,Bajo,1,992.0092307692308,1911.3,425.8999999999999,133.84146952007714,682.959228515625,16.35306688114862,0.0,1.952610214459372,46.566387087542616,48.0,27.0,0.0,50.0,50.0,0.0,0.0,0.0
131753,13,MANABÍ,PEDERNALES,ATAHUALPA,MANABÍ,Bajo,0,992.0092307692308,1911.3,425.8999999999999,73.41812313988095,823.5484619140625,15.67147454717287,0.0,0.7877423340671699,61.218016692560525,43.0,15.0,0.0,21.428571428571427,78.57142857142857,0.0,0.0,0.0
131850,13,MANABÍ,OLMEDO,OLMEDO,MANABÍ,Medio,9,1670.0576515151515,4192.68,253.5,135.4360836969735,351.3529968261719,13.553710717386886,0.0,2.244147941029609,38.77542070818758,13.0,39.0,0.0,40.909090909090914,59.09090909090909,0.0,0.0,0.0
131950,13,MANABÍ,PUERTO LÓPEZ,PUERTO LÓPEZ,MANABÍ,Medio,7,534.3782608695652,1091.0,215.7,291.0106713869106,869.4786376953125,19.940128133421467,0.0,4.607501584018435,29.95708259587786,10.0,66.0,4.761904761904762,71.42857142857143,4.761904761904762,4.761904761904762,0.0,0.0
131951,13,MANABÍ,PUERTO LÓPEZ,MACHALILLA,MANABÍ,Bajo,0,268.49454545454546,525.6999999999999,109.3090909090909,200.5637419453077,705.4007568359375,17.781342131853226,0.0,2.692319403058383,25.12141490018151,5.0,46.0,3.125,21.875,3.125,0.0,0.0,0.0
131952,13,MANABÍ,PUERTO LÓPEZ,SALANGO,MANABÍ,Bajo,2,574.2465982404692,1885.25,217.4,132.77594458163065,418.5845642089844,17.101755272647797,0.0,1.5680513806871212,39.19310457419473,7.0,67.0,0.0,74.07407407407408,25.925925925925924,0.0,0.0,0.0
132050,13,MANABÍ,JAMA,JAMA,MANABÍ,Medio,6,624.0135729386892,2451.3,124.9090909090909,196.06560532542005,693.67138671875,15.675798499320836,0.0,1.3880059623001668,38.68638857530707,521.0,29.0,0.0,53.75,38.75,1.25,2.5,0.0
132150,13,MANABÍ,JARAMIJÓ,JARAMIJÓ,MANABÍ,Medio,6,226.24727272727276,574.6,43.2,31.725692327735388,401.6821594238281,5.385339050319968,0.0,0.8589661786910593,35.21312786903371,45.0,308.0,14.285714285714285,0.0,14.285714285714285,0.0,0.0,0.0
132250,13,MANABÍ,SAN VICENTE,SAN VICENTE,MANABÍ,Medio,11,554.4884415584415,1189.7,184.80000000000004,130.5260992832075,456.0614371299744,11.507919216268002,0.0,1.6433933228226645,58.57859261611328,559.0,50.0,0.0,28.125,68.75,0.0,0.0,0.0
132251,13,MANABÍ,SAN VICENTE,CANOA,MANABÍ,Bajo,1,874.1672727272727,1040.28,708.0545454545454,159.7864423434111,439.7111884951592,13.386553886783952,0.0,0.3721757151470897,42.38866160918073,50.0,21.0,0.0,49.0566037735849,50.943396226415096,0.0,0.0,0.0
240150,24,SANTA ELENA,SANTA ELENA,SANTA ELENA,SANTA ELENA,Medio,11,249.94444444444449,739.5,33.2,64.39618275745825,268.29343032836914,3.866332414625453,0.0,0.8249061318216296,38.0279541129315,93.0,135.0,1.6666666666666667,0.0,8.333333333333332,0.0,3.333333333333333,0.0
240151,24,SANTA ELENA,SANTA ELENA,ATAHUALPA,SANTA ELENA,Bajo,0,312.3176103896104,3214.8,0.0,44.05010653800468,80.4011637866497,2.377509480130748,0.0,1.092720365103786,59.11907246919916,11.0,52.0,0.0,0.0,4.545454545454546,4.545454545454546,0.0,0.0
240152,24,SANTA ELENA,SANTA ELENA,COLONCHE,SANTA ELENA,Alto,12,482.0087329545455,3689.2,48.4,73.63496906889047,853.2376375198364,9.314602200359866,0.0,2.19294901899682,50.36433057345596,299.0,35.0,0.9523809523809524,20.952380952380956,12.38095238095238,0.0,3.8095238095238098,0.0
240153,24,SANTA ELENA,SANTA ELENA,CHANDUY,SANTA ELENA,Bajo,4,1446.5618181818184,14616.200000000004,114.59999999999998,66.82755949372692,429.78512239456177,4.618430001180626,0.0,3.06582361993095,30.42353301792085,795.0,27.0,1.2658227848101269,0.0,11.39240506329114,0.0,3.79746835443038,0.0
240154,24,SANTA ELENA,SANTA ELENA,MANGLARALTO,SANTA ELENA,Alto,12,383.10672727272726,906.1,89.40000000000002,207.44476930533625,796.3164672851562,15.860782951382218,0.0,2.124936998762621,35.30030401538233,25.0,88.0,2.3255813953488373,74.4186046511628,13.953488372093023,0.0,0.0,0.0
240155,24,SANTA ELENA,SANTA ELENA,SIMÓN BOLÍVAR,SANTA ELENA,Medio,5,711.4734331116038,3524.15,79.7,160.1380668127235,376.07506942749023,9.311064443174192,0.0,1.1478543374357997,27.161507975277758,32.0,8.0,0.0,40.42553191489361,8.51063829787234,0.0,0.0,0.0
240156,24,SANTA ELENA,SANTA ELENA,SAN JOSÉ DE ANCÓN,SANTA ELENA,Bajo,1,312.3176103896104,3214.8,0.0,36.05898390167907,71.58574676513672,2.9857148458343548,0.0,1.2382624001317513,71.69187959535357,14.0,120.0,0.0,0.0,9.090909090909092,9.090909090909092,0.0,0.0
240250,24,SANTA ELENA,LA LIBERTAD,LA LIBERTAD,SANTA ELENA,Alto,22,152.32,464.2000000000001,41.0,23.66541966696669,45.332252502441406,2.7771361828279795,0.0,0.109353872286784,70.81902848965379,27.0,4440.0,50.0,0.0,0.0,0.0,0.0,0.0
240350,24,SANTA ELENA,SALINAS,SALINAS,SANTA ELENA,Medio,7,221.8392857142857,2797.1,9.0,3.1812466173449785,93.7212574481964,1.895190713257916,0.0,1.383236673667769,24.75078599484715,30.0,2049.0,40.74074074074074,0.0,7.4074074074074066,3.7037037037037033,0.0,0.0
240351,24,SANTA ELENA,SALINAS,ANCONCITO,SANTA ELENA,Bajo,1,312.3176103896104,3214.8,0.0,24.76511841938949,53.30116814374924,3.821979403948368,0.0,0.1299503907194375,80.1018113573448,2.0,1005.0,50.0,0.0,0.0,0.0,0.0,0.0
240352,24,SANTA ELENA,SALINAS,JOSÉ LUIS TAMAYO,SANTA ELENA,Medio,5,372.507972027972,2000.2,7.8,9.892248080040392,45.958075404167175,1.5050948966137945,0.0,0.0926524232980521,78.77306642617685,66.0,1027.0,36.36363636363637,0.0,9.090909090909092,0.0,18.181818181818183,0.0
